Genotype	Coding	region
CROM*-01	c.679G>C	exonic
CROM*01	c.679G	exonic
CROM*01.-05	c.596C>T	exonic
CROM*01.-06	c.239T>A	exonic
CROM*01.-10	c.749C>T	exonic
CROM*01.-11	c.719G>A	exonic
CROM*01.-12	c.647C>T	exonic
CROM*01.-13	c.726T>G	exonic
CROM*01.-14	c.466G>A	exonic
CROM*01.-15	c.740A>G	exonic
CROM*01.-16	c.389G>A	exonic
CROM*01.-17	c.650T>G	exonic
CROM*01.-18	c.173A>G	exonic
CROM*01.-19	c.245T>C	exonic
CROM*01.-20	c.713G>A	exonic
CROM*01.03	c.155G>T	exonic
CROM*01.04	c.155G>C	exonic
CROM*01.08	c.245T>G	exonic
CROM*01N.01	c.261G>A	exonic
CROM*01N.02	c.263C>A	exonic
CROM*01N.03	c.508C>T	exonic
CROM*01N.04	c.367dup	exonic
CROM*01N.05	c.147G>A;c.148G>T	exonic
CROM*01N.06	c.639G>A	exonic
FY*01	c.125G	exonic
FY*01N.01	c.-67T>C	promoter_5utr
FY*01N.02	c.286_299del	exonic
FY*01N.03	c.408G>A	exonic
FY*01N.04	c.287G>A	exonic
FY*01N.05	c.327del	exonic
FY*01N.06	c.395G>A	exonic
FY*01N.07	c.719del	exonic
FY*01N.08	c.-69T>C	promoter_5utr
FY*01N.09	c.296_496delinsAGGCCACTG	exonic
FY*01N.10	c.762G>A	exonic
FY*01N.11	c.854del	exonic
FY*01W.01	c.265C>T	exonic
FY*01W.02	c.265C>T;c.298G>A	exonic
FY*01W.03	c.680G>A	exonic
FY*02	c.125G>A	exonic
FY*02.01	c.126T>G;c.125G>A	exonic
FY*02N.01	c.-67T>C;c.125G>A	promoter_5utr
FY*02N.02	c.407G>A;c.125G>A	exonic
FY*02N.03	c.781G>A;c.125G>A	exonic
FY*02N.04	c.179_180del;c.125G>A	exonic
FY*02N.05	c.895G>A;c.125G>A	exonic
FY*02N.06	c.151del;c.125G>A	exonic
FY*02N.07	c.124delG;c.125G>A	exonic
FY*02N.08	c.400del;c.125G>A	exonic
FY*02N.09	c.125G>A;c.214G>C	exonic
FY*02W.01	c.265C>T;c.298G>A;c.125G>A	exonic
FY*02W.02	c.145G>T;c.265C>T;c.298G>A;c.125G>A	exonic
FY*02W.03	c.266G>A;c.125G>A	exonic
FY*02W.04	c.901C>T;c.125G>A	exonic
FY*02W.05	c.125G>A;c.976T>C	exonic
KN*01	c.4681G;c.4768A;c.4801A;c.4223C;c.4828T;c.4843A;c.3623A	exonic
KN*01.-05	c.4223C>T	exonic
KN*01.-08	c.4828T>A	exonic
KN*01.-13	c.3290T>C;c.3298A>G	exonic
KN*01.06	c.4768A>G;c.4801A>G;c.4843A>G	exonic
KN*01.07	c.4801A>G;c.4843A>G	exonic
KN*01.10	c.4843A>G	exonic
KN*01W	c.488-2599T>C	intronic
KN*01.12	c.3623A>G	exonic
KN*02	c.4681G>A	exonic
KN*02.10	c.4681G>A;c.4843A>G	exonic
RHD*01		no_coding
RHD*01.01	c.48C=	exonic
RHD*01EL.01	c.1227G>A	exonic
RHD*01EL.02	c.3G>A	exonic
RHD*01EL.03	c.53T>C	exonic
RHD*01EL.04	c.147del	exonic
RHD*01EL.05	c.148+1G>A	intronic
RHD*01EL.06	c.251T>C	exonic
RHD*01EL.07	c.410C>A	exonic
RHD*01EL.08	c.486+1G>A	intronic
RHD*01EL.09	c.486+2T>A	intronic
RHD*01EL.10	c.1222T>C	exonic
RHD*01EL.11	c.1252dup	exonic
RHD*01EL.12	c.458T>C	exonic
RHD*01EL.13	c.786del	exonic
RHD*01EL.14	c.634+5G>T	intronic
RHD*01EL.15	c.922G>T	exonic
RHD*01EL.16	c.634G>C	exonic
RHD*01EL.17	c.1203T>A	exonic
RHD*01EL.18	c.93dup	exonic
RHD*01EL.19	c.635-2A>G	intronic
RHD*01EL.20	c.1154-8T>A	intronic
RHD*01EL.21	c.148+5G>C	intronic
RHD*01EL.22	c.336-2del	intronic
RHD*01EL.23	c.636_1073+1dup;c.636_1073+1del	exonic
RHD*01EL.24	c.838G>A	exonic
RHD*01EL.25	c.1252T>A	exonic
RHD*01EL.26	c.1248_1249insG	exonic
RHD*01EL.28	c.993del	exonic
RHD*01EL.29	c.1210G>C	exonic
RHD*01EL.30	c.1074-648_1153+1del	intronic
RHD*01EL.31	c.148+1G>T	intronic
RHD*01EL.32	c.149-29G>C	intronic
RHD*01EL.33	c.336-2A>G	intronic
RHD*01EL.35	c.802-37_802-34del	intronic
RHD*01EL.36	c.1073+152C>A;c.1227G>A	intronic
RHD*01EL.37	c.1154-31T>C	intronic
RHD*01EL.38	c.1010T>G	exonic
RHD*01EL.39	c.113T>A	exonic
RHD*01EL.40	c.278T>G	exonic
RHD*01EL.41	c.872C>G	exonic
RHD*01EL.42	c.149-29G>C;c.335G>C	intronic
RHD*01EL.43	c.46T>C	exonic
RHD*01EL.44	c.487_1227del;c.487_1227dup	exonic
RHD*01EL.45	c.721A>C	exonic
RHD*01EL.46	c.884T>C	exonic
RHD*01EL.47	c.510dup	exonic
RHD*01EL.48	c.1156_1227+2del	exonic
RHD*01EL.49	c.1016G>T	exonic
RHD*01EL.50	c.1151C>G	exonic
RHD*01N.01	c.-67+5074_-66-25519del	intronic
RHD*01N.02	c.-78_*28dup;c.1_1227del	promoter_5utr
RHD*01N.03	c.149_1227del;c.149_1227dup	exonic
RHD*01N.04	c.336_1227del;c.336_1227dup	exonic
RHD*01N.05	c.149_1073del;c.149_1073dup	exonic
RHD*01N.06	c.1006G>T;c.487_1073del;c.487_1073dup;c.733G>C	exonic
RHD*01N.07	c.487_1073del;c.487_1073dup	exonic
RHD*01N.08	c.48G>A	exonic
RHD*01N.09	c.121C>T;c.643T>C;c.646T>C;c.988T>C	exonic
RHD*01N.10	c.270G>A	exonic
RHD*01N.11	c.325del	exonic
RHD*01N.12	c.449del	exonic
RHD*01N.13	c.489_492del	exonic
RHD*01N.14	c.554G>A	exonic
RHD*01N.15	c.635G>T	exonic
RHD*01N.16	c.711del	exonic
RHD*01N.17	c.652del;c.653T>G	exonic
RHD*01N.18	c.807T>G	exonic
RHD*01N.19	c.933C>A	exonic
RHD*01N.20	c.941G>T	exonic
RHD*01N.21	c.990C>G	exonic
RHD*01N.22	c.1203T>A	exonic
RHD*01N.23	c.343del	exonic
RHD*01N.24	c.335+1G>A	intronic
RHD*01N.25	c.336-1G>A	intronic
RHD*01N.26	c.1153+1G>A	intronic
RHD*01N.27	c.908_909insTGGCT;c.939+2_939+5del	intronic
RHD*01N.28	c.970_972del;c.976_991del	exonic
RHD*01N.29	c.660del	exonic
RHD*01N.30	c.745_757del	exonic
RHD*01N.31	c.93delC	exonic
RHD*01N.32	c.79del	exonic
RHD*01N.33	c.712del	exonic
RHD*01N.34	c.615_616del	exonic
RHD*01N.35	c.330_331del	exonic
RHD*01N.36	c.1082_1091del	exonic
RHD*01N.37	c.297_319del	exonic
RHD*01N.38	c.939+2T>A	intronic
RHD*01N.39	c.767C>G	exonic
RHD*01N.40	c.1029C>A	exonic
RHD*01N.41	c.361_372del	exonic
RHD*01N.42	c.-78_148dup;c.1_148del;c.940_1254dup	promoter_5utr
RHD*01N.43	c.-78_486dup;c.1_486del	promoter_5utr
RHD*01N.44	c.1228-1_1248del	intronic
RHD*01N.45	c.1195G>A;c.216_217dup	exonic
RHD*01N.46	c.545_548del	exonic
RHD*01N.47	c.745_759delinsAG	exonic
RHD*01N.48	c.822del	exonic
RHD*01N.49	c.915del	exonic
RHD*01N.50	c.93dup	exonic
RHD*01N.51	c.950del	exonic
RHD*01N.52	c.922G>T	exonic
RHD*01N.53	c.1154G>A	exonic
RHD*01N.54	c.801+1G>A	intronic
RHD*01N.55	c.939+1G>A	intronic
RHD*01N.56	c.1073+2T>C	intronic
RHD*01N.57	c.1010T>G	exonic
RHD*01N.58	c.1157T>A;c.802-41_802-38del	intronic
RHD*01N.59	c.598C>T	exonic
RHD*01N.60	c.1213C>T	exonic
RHD*01N.61	c.952C>T	exonic
RHD*01N.62	c.761C>G	exonic
RHD*01N.63	c.933C>G	exonic
RHD*01N.64	c.1084C>T	exonic
RHD*01N.65	c.124_125del	exonic
RHD*01N.66	c.1174del	exonic
RHD*01N.67	c.1_148del	exonic
RHD*01N.68	c.335G>T	exonic
RHD*01N.69	c.1136T=;c.634+1G>T	intronic
RHD*01N.70	c.1073+1G>T	intronic
RHD*01N.71	c.1074-1G>A	intronic
RHD*01N.72	c.361T>A;c.380T>C;c.383A>G;c.455A>C;c.602C>G;c.667T>G;c.819G>A	exonic
RHD*01N.73	c.443C>G	exonic
RHD*01N.74	c.424_426del	exonic
RHD*01N.75	c.581dup	exonic
RHD*01N.76	c.1179G>A	exonic
RHD*01N.77	c.1228-1G>A	intronic
RHD*01N.78	c.660del	exonic
RHD*01N.79	c.896T>C	exonic
RHD*01N.80	c.1007G>A	exonic
RHD*01N.81	c.1074-2A>C	intronic
RHD*01N.82	c.697del	exonic
RHD*01N.83	c.702del	exonic
RHD*01N.84	c.150T>C;c.186G>T;c.410C>T;c.455A>C;c.543G>C;c.609G>A;c.654G>C;c.667T>G;c.674C>T;c.807T>G	exonic
RHD*01N.85	c.4A>T;c.5G>C;c.6_7insG	exonic
RHD*01N.86	c.806dup	exonic
RHD*01W.1	c.809T>G	exonic
RHD*01W.1.1	c.52C>G;c.809T>G	exonic
RHD*01W.1.2	c.712G>A;c.809T>G	exonic
RHD*01W.1.3	c.667T>G;c.809T>G	exonic
RHD*01W.10	c.1177T>C	exonic
RHD*01W.10.1	c.1145T>C;c.1177T>C	exonic
RHD*01W.10.2	c.1177T>C;c.1199A>C	exonic
RHD*01W.100	c.787G>A	exonic
RHD*01W.101	c.62A>C	exonic
RHD*01W.102	c.73A>T	exonic
RHD*01W.103	c.91T>A	exonic
RHD*01W.104	c.157G>T	exonic
RHD*01W.105	c.200C>G	exonic
RHD*01W.106	c.220T>G	exonic
RHD*01W.107	c.223A>T	exonic
RHD*01W.108	c.287G>A	exonic
RHD*01W.109	c.376T>C	exonic
RHD*01W.110	c.413A>G	exonic
RHD*01W.111	c.634G>A	exonic
RHD*01W.112	c.635G>A	exonic
RHD*01W.113	c.874T>C	exonic
RHD*01W.114	c.968C>T	exonic
RHD*01W.115	c.983T>A	exonic
RHD*01W.116	c.346G>C	exonic
RHD*01W.117	c.346G>A	exonic
RHD*01W.118	c.347C>T	exonic
RHD*01W.119	c.818C>T	exonic
RHD*01W.12	c.830G>A	exonic
RHD*01W.120	c.818C>A	exonic
RHD*01W.121	c.176C>A	exonic
RHD*01W.122	c.208C>T	exonic
RHD*01W.123	c.379G>T	exonic
RHD*01W.124	c.594A>T	exonic
RHD*01W.125	c.671A>G	exonic
RHD*01W.126	c.1199A>T	exonic
RHD*01W.127	c.1200A>T	exonic
RHD*01W.128	c.1207G>T	exonic
RHD*01W.129	c.1208A>T	exonic
RHD*01W.13	c.826G>C	exonic
RHD*01W.130	c.163A>C	exonic
RHD*01W.131	c.254C>G	exonic
RHD*01W.132	c.394G>A	exonic
RHD*01W.133	c.395G>A	exonic
RHD*01W.134	c.1168C>G	exonic
RHD*01W.135	c.884T>A	exonic
RHD*01W.136	c.41C>T	exonic
RHD*01W.137	c.780C>A	exonic
RHD*01W.138	c.871C>T	exonic
RHD*01W.139	c.1169T>C	exonic
RHD*01W.14	c.544T>A;c.594A>T;c.602C>G	exonic
RHD*01W.140	c.1229T>C	exonic
RHD*01W.141	c.668T>C	exonic
RHD*01W.142	c.67G>T	exonic
RHD*01W.143	c.173C>T	exonic
RHD*01W.144	c.579G>C	exonic
RHD*01W.145	c.41C>G	exonic
RHD*01W.146	c.438G>C	exonic
RHD*01W.147	c.436G>A	exonic
RHD*01W.148	c.670A>G	exonic
RHD*01W.149	c.779A>G	exonic
RHD*01W.150	c.327_487-4164dup	exonic
RHD*01W.151	c.175G>A	exonic
RHD*01W.152	c.187G>T	exonic
RHD*01W.153	c.365C>G	exonic
RHD*01W.154	c.648G>C	exonic
RHD*01W.155	c.710C>T	exonic
RHD*01W.156	c.1190A>G	exonic
RHD*01W.157	c.83_85del	exonic
RHD*01W.158	c.526G>C	exonic
RHD*01W.159	c.1213C>A	exonic
RHD*01W.16	c.658T>C	exonic
RHD*01W.160	c.917T>A	exonic
RHD*01W.161	c.611T>A	exonic
RHD*01W.162	c.782C>T	exonic
RHD*01W.163	c.1016G>C	exonic
RHD*01W.164	c.76C>T	exonic
RHD*01W.165	c.661C>G	exonic
RHD*01W.17	c.340C>T	exonic
RHD*01W.18	c.19C>T	exonic
RHD*01W.19	c.611T>C	exonic
RHD*01W.2	c.1154G>C	exonic
RHD*01W.2.1	c.1154G>C;c.301T>A	exonic
RHD*01W.2.2	c.1154G>C;c.916G>A;c.932A>G	exonic
RHD*01W.20	c.1250T>C	exonic
RHD*01W.22	c.1224G>C	exonic
RHD*01W.23	c.634G>T	exonic
RHD*01W.24	c.1013T>C	exonic
RHD*01W.25	c.341G>A	exonic
RHD*01W.26	c.26T>A	exonic
RHD*01W.27	c.661C>T	exonic
RHD*01W.28	c.1152A>C	exonic
RHD*01W.29	c.1025T>C;c.178A>C;c.201G>A;c.203G>A;c.594A>T;c.667T>G;c.744C>T;c.957G>A	exonic
RHD*01W.3	c.8C>G	exonic
RHD*01W.3.1	c.178A>C;c.8C>G	exonic
RHD*01W.30	c.1018_1019delinsAT	exonic
RHD*01W.31	c.17C>T	exonic
RHD*01W.32	c.1121T>A	exonic
RHD*01W.33	c.520G>A	exonic
RHD*01W.34	c.809T>A	exonic
RHD*01W.35	c.260G>A	exonic
RHD*01W.36	c.842T>G	exonic
RHD*01W.37	c.399G>T	exonic
RHD*01W.38	c.833G>A	exonic
RHD*01W.39	c.1015G>A	exonic
RHD*01W.40	c.602C>G	exonic
RHD*01W.41	c.1193A>T	exonic
RHD*01W.41.0.1	c.1170T>C;c.1193A>T	exonic
RHD*01W.42	c.1226A>T	exonic
RHD*01W.43	c.605C>T	exonic
RHD*01W.44	c.728A>G	exonic
RHD*01W.45	c.1195G>A	exonic
RHD*01W.45.1	c.1195G>A;c.818C>T	exonic
RHD*01W.45.2	c.1195G>A;c.208C>T;c.818C>T	exonic
RHD*01W.46	c.1221C>A	exonic
RHD*01W.47	c.340C>G	exonic
RHD*01W.48	c.182G>T	exonic
RHD*01W.49	c.770C>T	exonic
RHD*01W.5	c.446C>A	exonic
RHD*01W.50	c.727T>A	exonic
RHD*01W.51	c.594A>T;c.602C>G	exonic
RHD*01W.52	c.92T>C	exonic
RHD*01W.53	c.740T>G	exonic
RHD*01W.54	c.365C>T	exonic
RHD*01W.55	c.895C>G	exonic
RHD*01W.56	c.65C>A	exonic
RHD*01W.57	c.640C>T	exonic
RHD*01W.58	c.1006G>C	exonic
RHD*01W.59	c.1148T>C	exonic
RHD*01W.6	c.29G>A	exonic
RHD*01W.60	c.1219_1225del	exonic
RHD*01W.61	c.28C>T	exonic
RHD*01W.62	c.661C>A	exonic
RHD*01W.63	c.758T>A	exonic
RHD*01W.64	c.881C>T	exonic
RHD*01W.65	c.68C>A	exonic
RHD*01W.66	c.916G>A	exonic
RHD*01W.67	c.722C>T	exonic
RHD*01W.68	c.1213C>G;c.165C>T	exonic
RHD*01W.69	c.953G>A	exonic
RHD*01W.7	c.1016G>A	exonic
RHD*01W.70	c.1012C>G	exonic
RHD*01W.71	c.29G>C	exonic
RHD*01W.72	c.1212C>A	exonic
RHD*01W.73	c.1241C>T	exonic
RHD*01W.74	c.203G>C	exonic
RHD*01W.75	c.1194G>C	exonic
RHD*01W.76	c.1215A>C	exonic
RHD*01W.77	c.766T>C	exonic
RHD*01W.78	c.1228T>G	exonic
RHD*01W.79	c.560T>C	exonic
RHD*01W.8	c.919G>A	exonic
RHD*01W.80	c.539G>A	exonic
RHD*01W.81	c.1199A>C	exonic
RHD*01W.82	c.1184C>T	exonic
RHD*01W.83	c.1238T>G	exonic
RHD*01W.84	c.227G>A	exonic
RHD*01W.85	c.209G>A	exonic
RHD*01W.86	c.1034T>A	exonic
RHD*01W.87	c.374T>A	exonic
RHD*01W.88	c.182G>C	exonic
RHD*01W.89	c.67G>C	exonic
RHD*01W.9	c.880G>C	exonic
RHD*01W.90	c.993C>G	exonic
RHD*01W.91	c.1187C>G	exonic
RHD*01W.92	c.1145T>C	exonic
RHD*01W.93	c.359C>A	exonic
RHD*01W.94	c.884T>C	exonic
RHD*01W.95	c.730G>C	exonic
RHD*01W.96	c.731C>T	exonic
RHD*01W.97	c.542T>C	exonic
RHD*01W.98	c.751A>C	exonic
RHD*01W.99	c.1107A>C	exonic
RHD*02	c.1061C>A	exonic
RHD*03.01	c.186G>T;c.410C>T;c.455A>C;c.602C>G;c.667T>G;c.819G>A	exonic
RHD*03.02	c.150T>C;c.178A>C;c.201G>A;c.203G>A;c.307T>C	exonic
RHD*03.03	c.361T>A;c.380T>C;c.383A>G;c.455A>C	exonic
RHD*03.04	c.186G>T;c.410C>T;c.455A>C	exonic
RHD*03.04.02	c.186G>T;c.307T>C;c.410C>T;c.455A>C	exonic
RHD*03.06	c.410C>T;c.455A>C;c.602C>G;c.667T>G;c.819G>A	exonic
RHD*03.07	c.150T>C;c.178A>C;c.201G>A;c.203G>A;c.307T>C;c.410C>T;c.455A>C;c.602C>G;c.667T>G	exonic
RHD*03.08	c.410C>T;c.455A>C	exonic
RHD*03.09	c.186G>T;c.410C>T;c.455A>C;c.667T>G	exonic
RHD*03N.01	c.1006G>T;c.186G>T;c.410C>T;c.455A>C;c.487_1073del;c.487_1073dup;c.733G>C	exonic
RHD*03N.02	c.1006G>T;c.186G>T;c.410C>T;c.455A>C;c.487_1227del;c.487_1227dup;c.733G>C	exonic
RHD*04.01	c.1048G>C;c.186G>T;c.410C>T;c.455A>C	exonic
RHD*04.01.02	c.1048G>C;c.186G>T;c.410C>T;c.455A>C;c.667T>G	exonic
RHD*04.03	c.1025T>C;c.1048G>C;c.1053C>T;c.1057G>T;c.1059A>G;c.1060G>A;c.1061C>A;c.1063G>T;c.1170T>C;c.1193A>T;c.916G>A;c.932A>G;c.941G>T;c.968C>A;c.974G>T;c.979A>G;c.985G>C;c.986G>A;c.989A>C;c.992A>T	exonic
RHD*04.04	c.1048G>C;c.1053C>T;c.1057G>T;c.1059A>G;c.1060G>A;c.1061C>A	exonic
RHD*04.05	c.1025T>C;c.1048G>C;c.1053C>T;c.1057G>T;c.1059A>G;c.1060G>A;c.1061C>A;c.1063G>T;c.1170T>C;c.1193A>T;c.941G>T;c.968C>A;c.974G>T;c.979A>G;c.985G>C;c.986G>A;c.989A>C;c.992A>T	exonic
RHD*04.06	c.1048G>C;c.1053C>T;c.1057G>T;c.1059A>G;c.1060G>A;c.1061C>A;c.1170T>C;c.1193A>T	exonic
RHD*05.01	c.667T>G;c.697G>C	exonic
RHD*05.02	c.667T>G;c.697G>C;c.712G>A;c.733G>C;c.744C>T;c.787G>A;c.800A>T	exonic
RHD*05.03	c.667T>G;c.676G>C;c.697G>C;c.712G>A	exonic
RHD*05.04	c.697G>C	exonic
RHD*05.05	c.697G>A	exonic
RHD*05.06	c.667T>G;c.697G>C;c.712G>A	exonic
RHD*05.07	c.667T>G;c.697G>C;c.712G>A;c.733G>C;c.744C>T;c.787G>A	exonic
RHD*05.08	c.667T>G;c.697G>C;c.712G>A;c.733G>C;c.744C>T	exonic
RHD*05.09	c.697G>C;c.712G>A	exonic
RHD*05.10	c.667T>G;c.697G>C;c.712G>A;c.733G>C;c.744C>T;c.787G>A;c.800A>T;c.916G>A;c.932A>G	exonic
RHD*06.01	c.505A>C;c.509T>G;c.514A>T;c.544T>A;c.577G>A;c.594A>T;c.602C>G;c.667T>G;c.676G>C;c.697G>C;c.712G>A;c.733G>C;c.744C>T;c.787G>A;c.800A>T	exonic
RHD*06.02	c.505A>C;c.509T>G;c.514A>T;c.544T>A;c.577G>A;c.594A>T;c.602C>G;c.667T>G;c.697G>C;c.712G>A;c.733G>C;c.744C>T;c.787G>A;c.800A>T;c.916G>A;c.932A>G	exonic
RHD*06.03.01	c.361T>A;c.380T>C;c.383A>G;c.455A>C;c.505A>C;c.509T>G;c.514A>T;c.544T>A;c.577G>A;c.594A>T;c.602C>G;c.667T>G;c.697G>C;c.712G>A;c.733G>C;c.744C>T;c.787G>A;c.800A>T;c.916G>A;c.932A>G	exonic
RHD*06.03.02	c.1195G>A;c.361T>A;c.380T>C;c.383A>G;c.455A>C;c.505A>C;c.509T>G;c.514A>T;c.544T>A;c.577G>A;c.594A>T;c.602C>G;c.667T>G;c.697G>C;c.712G>A;c.733G>C;c.744C>T;c.787G>A;c.800A>T;c.916G>A;c.932A>G	exonic
RHD*06.04	c.361T>A;c.380T>C;c.383A>G;c.455A>C;c.505A>C;c.509T>G;c.514A>T;c.544T>A;c.577G>A;c.594A>T;c.602C>G;c.667T>G;c.697G>C;c.712G>A;c.733G>C;c.744C>T;c.787G>A;c.800A>T	exonic
RHD*07.01	c.329T>C	exonic
RHD*07.02	c.307T>C;c.329T>C	exonic
RHD*08.01	c.667T>G	exonic
RHD*08N.01	c.609G>A;c.654G>C;c.667T>G;c.674C>T;c.807T>G;c.487-19_504dup	intronic
RHD*09.01	c.1025T>C;c.602C>G;c.607A>G;c.667T>G;c.744C>T;c.957G>A	exonic
RHD*09.01.00	c.1025T>C;c.602C>G;c.667T>G	exonic
RHD*09.01.01	c.1025T>C;c.602C>G;c.667T>G;c.957G>A	exonic
RHD*09.01.02	c.1025T>C;c.602C>G;c.667T>G;c.744C>T;c.957G>A	exonic
RHD*09.01.03	c.1025T>C;c.602C>G;c.667T>G;c.744C>T	exonic
RHD*09.02	c.1025T>C;c.602C>G;c.667T>G;c.697G>C;c.957G>A	exonic
RHD*09.02.01	c.1025T>C;c.602C>G;c.667T>G;c.697G>C;c.744C>T;c.957G>A	exonic
RHD*09.03	c.602C>G;c.667T>G	exonic
RHD*09.03.01	c.602C>G;c.667T>G;c.819G>A	exonic
RHD*09.04	c.48G>C;c.602C>G;c.667T>G;c.819G>A	exonic
RHD*09.05	c.602C>G;c.667T>G;c.819G>A;c.872C>G	exonic
RHD*09.06	c.1025T>C;c.150T>C;c.178A>C;c.201G>A;c.203G>A;c.602C>G;c.667T>G;c.957G>A	exonic
RHD*10.00	c.1136T=	exonic
RHD*10.00.01	c.1136T=;c.579G>A	exonic
RHD*10.00.02	c.1136T=;c.150T>C	exonic
RHD*10.01	c.1136T=;c.689G>T	exonic
RHD*10.02	c.1136T=;c.209G>A;c.998G>A	exonic
RHD*10.03	c.1136T=;c.835G>A	exonic
RHD*10.04	c.1136T=;c.697G>A	exonic
RHD*10.05	c.1136T=;c.667T>G;c.697G>C	exonic
RHD*10.05.01	c.1122C>T;c.1136T=;c.667T>G;c.697G>C	exonic
RHD*10.06	c.1136T=;c.998G>A	exonic
RHD*10.07	c.1136T=;c.835G>A;c.998G>A	exonic
RHD*10.08	c.1136T=;c.340C>T;c.579G>A	exonic
RHD*10.09	c.1136T=;c.535T>C	exonic
RHD*10.10	c.1136T=;c.579G>A;c.739G>C	exonic
RHD*10.11	c.1136T=;c.254C>T;c.835G>A	exonic
RHD*10.12	c.1136T=;c.542T>C	exonic
RHD*10.13	c.1136T=;c.48G>C	exonic
RHD*10.14	c.1136T=;c.201G>A;c.203G>A	exonic
RHD*10.15	c.1136T=;c.1A>G	exonic
RHD*11	c.885G>T	exonic
RHD*12.01	c.509T>C;c.667T>G	exonic
RHD*12.02	c.1132C>G;c.509T>C;c.667T>G	exonic
RHD*12.03	c.410C>T;c.509T>C;c.667T>G	exonic
RHD*12.04	c.410C>T;c.455A>C;c.509T>C;c.667T>G	exonic
RHD*13.01	c.667T>G;c.676G>C;c.697G>C;c.712G>A;c.733G>C;c.744C>T;c.787G>A;c.800A>T	exonic
RHD*13.02	c.667T>G;c.676G>C;c.697G>C	exonic
RHD*14.01	c.1025T>C;c.1048G>C;c.1053C>T;c.1057G>T;c.1059A>G;c.1060G>A;c.1061C>A;c.667T>G;c.697G>C;c.712G>A;c.733G>C;c.744C>T;c.787G>A;c.800A>T;c.916G>A;c.932A>G;c.941G>T;c.968C>A;c.974G>T;c.979A>G;c.985G>C;c.986G>A;c.989A>C;c.992A>T	exonic
RHD*14.02	c.667T>G;c.697G>C;c.712G>A;c.733G>C;c.744C>T;c.787G>A;c.800A>T;c.916G>A;c.932A>G;c.941G>T;c.968C>A;c.974G>T;c.979A>G;c.985G>C;c.986G>A;c.989A>C;c.992A>T	exonic
RHD*15	c.845G>A	exonic
RHD*16.01	c.667T>G;c.676G>C	exonic
RHD*16.02	c.676G>C	exonic
RHD*16.03	c.667T>G;c.676G>C;c.697G>C	exonic
RHD*17.01	c.505A>C;c.509T>G;c.514A>T	exonic
RHD*17.02	c.505A>C;c.509T>G;c.514A>T;c.544T>A;c.577G>A;c.594A>T;c.602C>G	exonic
RHD*17.03	c.505A>C;c.509T>G;c.514A>T;c.539G>C	exonic
RHD*17.04	c.505A>C;c.509T>G	exonic
RHD*17.05	c.361T>A;c.380T>C;c.383A>G;c.455A>C;c.505A>C;c.509T>G;c.514A>T;c.544T>A;c.577G>A;c.594A>T;c.602C>G	exonic
RHD*18	c.497A>C	exonic
RHD*19	c.848C>T	exonic
RHD*20	c.704A>C	exonic
RHD*21	c.938C>T	exonic
RHD*22	c.686G>A	exonic
RHD*23	c.161T>C	exonic
RHD*24	c.1070G>A	exonic
RHD*25	c.1063G>A	exonic
RHD*26	c.1057G>A	exonic
RHD*27	c.120T>A	exonic
RHD*28	c.494A>G	exonic
RHD*29	c.700A>T	exonic
RHD*30	c.667T>G;c.674C>T	exonic
RHD*31	c.684_686del	exonic
RHD*32	c.705_707del	exonic
RHD*33	c.1073T>C	exonic
RHD*34	c.854G>A	exonic
RHD*35	c.621G>C	exonic
RHD*36	c.851C>T	exonic
RHD*37	c.733G>C	exonic
RHD*38	c.455A>C	exonic
RHD*39	c.307T>C	exonic
RHD*40	c.186G>T;c.410C>T;c.455A>C;c.509T>C;c.667T>G	exonic
RHD*41	c.1025T>C;c.1048G>C;c.1053C>T;c.1057G>T;c.1059A>G;c.1060G>A;c.1061C>A;c.667T>G;c.676G>C;c.697G>C;c.712G>A;c.733G>C;c.744C>T;c.787G>A;c.800A>T;c.916G>A;c.932A>G;c.941G>T;c.968C>A;c.974G>T;c.979A>G;c.985G>C;c.986G>A;c.989A>C;c.992A>T	exonic
RHD*42	c.677C>A	exonic
RHD*43	c.490G>A	exonic
RHD*44	c.513C>A	exonic
RHD*45	c.150T>C;c.178A>C;c.201G>A;c.203G>A;c.307T>C;c.361T>A;c.380T>C;c.383A>G;c.455A>C	exonic
RHD*46	c.667T>G;c.712G>A;c.733G>C;c.744C>T;c.787G>A;c.800A>T;c.916G>A;c.932A>G	exonic
RHD*47	c.510G>A	exonic
RHD*47.01	c.510G>T	exonic
RHD*48	c.485A>G	exonic
RHD*49	c.1053C>T;c.1057G>T;c.1059A>G;c.1060G>A;c.1061C>A	exonic
RHD*50	c.1060G>A	exonic
RHD*51	c.130_132del	exonic
RHD*52	c.668T>C	exonic
RHD*53	c.336-2del	intronic
RHD*54	c.635-2A>C	intronic
RHD*55	c.242T>C	exonic
RHD*56	c.680T>C	exonic
RHD*57	c.640C>T	exonic
RHD*58	c.1025T>C;c.1048G>C;c.1053C>T;c.1057G>T;c.1059A>G;c.1060G>A;c.1061C>A;c.941G>T;c.968C>A;c.974G>T;c.979A>G;c.985G>C;c.986G>A;c.989A>C;c.992A>T	exonic
RHD*59	c.525C>A	exonic
RHD*60	c.689G>T;c.992A>T	exonic
RHD*61	c.492C>A	exonic
RHD*62	c.455A>C;c.809T>G	exonic
RHD*63	c.492C>G	exonic
RHD*64	c.985G>C;c.986G>A;c.989A>C;c.992A>T	exonic
RHD*65	c.1136T=;c.835G>A;c.851C>T	exonic
RHD*66	c.325A>G	exonic
SC*01	c.169G	exonic
SC*01.-05	c.139G>A	exonic
SC*01.-06	c.242G>A	exonic
SC*01.-07	c.103G>A	exonic
SC*01.-08	c.424C>G	exonic
SC*01.-09	c.217C>T;c.219C>T	exonic
SC*01.04	c.178C>G	exonic
SC*01N.01	c.307_308del	exonic
SC*01N.02	c.994C>T	exonic
SC*02	c.169G>A	exonic
VEL*01		no_coding
VEL*01.01	c.-75-335A>G	intronic
VEL*01N.01	c.64_80del	exonic
VEL*01W.01	c.152T>A	exonic
VEL*01W.02	c.152T>G	exonic
VEL*01W.03	c.161T>C	exonic
VEL*01W.05	c.122G>A	exonic
CD59*01		no_coding
CD59*01.02	c.238A>G	exonic
CD59*01N.01	c.146del	exonic
CD59*01N.02	c.123del;c.361del	exonic
CD59*01N.03	c.266G>A	exonic
CD59*01N.04	c.146A>T	exonic
CD59*01N.05	c.323C>A	exonic
CD59*01N.06	c.85T>G	exonic
IN*01	c.137G>C	exonic
IN*02	c.137G	exonic
IN*02.-03	c.255C>G	exonic
IN*02.-04	c.488C>A	exonic
IN*02.-05	c.449G>A	exonic
IN*02.-06	c.276C>A	exonic
RAPH*01		no_coding
RAPH*01.-01.01	c.511C>T;c.579G>A	exonic
RAPH*01.-01.02	c.533G>A	exonic
RAPH*01.-01.03	c.494G>A	exonic
RAPH*01N.01	c.383_384insG	exonic
DO*01	c.793G>A	exonic
DO*01.-05	c.371del;c.793G>A;c.93G>A	exonic
DO*01.-06	c.547T>G;c.793G>A	exonic
DO*01.-08	c.674T>A;c.793G>A	exonic
DO*01.-09	c.566C>T;c.793G>A	exonic
DO*01.-10	c.405C>A;c.793G>A	exonic
DO*01N.01	c.442C>T;c.793G>A	exonic
DO*01N.02	c.343_350del;c.793G>A	exonic
DO*01N.03	c.219del;c.793G>A	exonic
DO*01N.04	c.730dup;c.793G>A	exonic
DO*01N.05	c.93G>A;c.370del;c.793G>A	exonic
DO*01N.06	c.201del;c.793G>A	exonic
DO*02	c.793G	exonic
DO*02.-04	c.323G>T	exonic
DO*02.-07	c.431C>A;c.432C>A	exonic
DO*02N.01	c.145-2A>G	intronic
DO*02N.02	c.144+2T>C	intronic
DO*02N.03	c.185T>C	exonic
DO*02N.04	c.268C>T	exonic
ABCC4*01		no_coding
ABCC4*01.01W	c.559G>T	exonic
ABCC4*01.02W	c.912G>T	exonic
ABCC4*01.03W	c.2269G>A	exonic
ABCC4*01N.01	Gene del	structural
JMH*01		no_coding
JMH*01.-02	c.1545A>G;c.619C>T	exonic
JMH*01.-03	c.620G>A	exonic
JMH*01.-04	c.1379G>A	exonic
JMH*01.-05	c.1381C>T	exonic
JMH*01.-06	c.1040G>T	exonic
JMH*01.-07	c.1545A>G;c.1865G>A;c.709G>A	exonic
JMH*01.-08	c.507C>T;c.556G>A;c.1545A>G	exonic
ER*01		no_coding
ER*01.-03	c.7174G>A	exonic
ER*01.-04.01	c.7219G>C	exonic
ER*01.-04.02	c.7219G>A	exonic
ER*01.-05	c.6734G>A	exonic
ER*01N.01	c.5289C>G	exonic
ER*02	c.7180G>A	exonic
DI*01	c.2561C>T	exonic
DI*02		no_coding
DI*02.03	c.1972G>A	exonic
DI*02.04	c.1972G	exonic
DI*02.05	c.1669G>A	exonic
DI*02.06	c.1643C>T	exonic
DI*02.07	c.1655C>T	exonic
DI*02.08	c.1294C>T	exonic
DI*02.09	c.1694G>C	exonic
DI*02.10	c.1707C>A	exonic
DI*02.11	c.1967G>A	exonic
DI*02.12	c.1966C>T	exonic
DI*02.13	c.1663T>C	exonic
DI*02.14.01	c.1937G>A	exonic
DI*02.14.02	c.1936C>T	exonic
DI*02.15	c.1681C>T	exonic
DI*02.16	c.1287A>T;c.1681C>G	exonic
DI*02.17	c.1696C>T	exonic
DI*02.18	c.1696C>G	exonic
DI*02.19	c.1653G>C	exonic
DI*02.20	c.1438G>A	exonic
DI*02.21	c.1936C>T	exonic
DI*02.22	c.1694G>C	exonic
DI*02.23	c.1447G>A	exonic
DI*02N.01	c.1462G>A	exonic
SID*01		no_coding
SID*01N.01	c.1396T>C	exonic
SID*01N.02	c.1134+5G>A	intronic
SID*01N.03	c.1307A>G	exonic
SID*01N.04	c.1567C>T	exonic
JK*01	c.838G	exonic
JK*01N.01	c.1_341del	exonic
JK*01N.02	c.202C>T	exonic
JK*01N.03	c.582C>G	exonic
JK*01N.04	c.956C>T	exonic
JK*01N.05	c.561C>A	exonic
JK*01N.06	c.342-1G>A	intronic
JK*01N.07	c.723del	exonic
JK*01N.08	c.866A>G	exonic
JK*01N.09	c.27_50del	exonic
JK*01N.10	c.811+5G>A	intronic
JK*01N.11	c.1068_1069insA;c.130G>A	exonic
JK*01N.12	c.522_536del	exonic
JK*01N.13	c.327del	exonic
JK*01N.14	c.432G>A	exonic
JK*01N.15	c.757_759del	exonic
JK*01N.16	c.893G>A	exonic
JK*01N.17	c.118G>A;c.499A>G	exonic
JK*01N.18	c.190C>T	exonic
JK*01N.19	c.810G>A	exonic
JK*01N.20	c.226G>A;c.28G>A;c.303G>A;c.588A>G	exonic
JK*01N.21	c.130G>A;c.220A>G	exonic
JK*01N.22	c.737T>G	exonic
JK*01N.23	c.996+5G>C	intronic
JK*01N.24	c.270del	exonic
JK*01N.25	c.28G>A;c.757T>C	exonic
JK*01N.26	c.812G>T	exonic
JK*01W.01	c.130G>A	exonic
JK*01W.02	c.511T>C	exonic
JK*01W.03	c.28G>A	exonic
JK*01W.04	c.226G>A	exonic
JK*01W.05	c.742G>A	exonic
JK*01W.06	c.130G>A;c.588A>G	exonic
JK*01W.07	c.486T>A	exonic
JK*01W.08	c.814C>T	exonic
JK*01W.09	c.134T>C	exonic
JK*01W.10	c.350T>C	exonic
JK*01W.11	c.28G>A;c.226G>A	exonic
JK*01W.12	c.130G>A;c.1067dup	exonic
JK*02	c.838G>A	exonic
JK*02N.01	c.342-1G>A;c.838G>A	intronic
JK*02N.02	c.342-1G>C;c.838G>A	intronic
JK*02N.03	c.222C>A;c.838G>A	exonic
JK*02N.04	c.663+1G>T;c.838G>A	intronic
JK*02N.05	c.723del;c.838G>A	exonic
JK*02N.06	c.871T>C;c.838G>A	exonic
JK*02N.07	c.896G>A;c.838G>A	exonic
JK*02N.08	c.956C>T;c.838G>A	exonic
JK*02N.09	c.191G>A;c.838G>A	exonic
JK*02N.10	c.194G>A;c.838G>A	exonic
JK*02N.11	c.499A>G;c.512G>A;c.838G>A	exonic
JK*02N.12	c.437T>C;c.499A>G;c.838G>A	exonic
JK*02N.13	c.499A>G;c.536C>G;c.838G>A	exonic
JK*02N.14	c.1038del;c.838G>A	exonic
JK*02N.15	c.160_161insC;c.838G>A	exonic
JK*02N.16	c.838G>A;c.856del	exonic
JK*02N.17	c.810G>A;c.838G>A	exonic
JK*02N.18	c.561C>A;c.838G>A	exonic
JK*02N.19	c.719G>A;c.838G>A	exonic
JK*02N.20	c.647_648del;c.838G>A	exonic
JK*02N.21	c.118G>A;c.838G>A	exonic
JK*02N.22	c.157_166del;c.838G>A	exonic
JK*02N.23	c.830dup;c.838G>A	exonic
JK*02N.24	c.510del;c.838G>A	exonic
JK*02N.25	c.152-1G>A;c.838G>A	intronic
JK*02N.26	c.663+3A>C;c.588A>G;c.838G>A	intronic
JK*02W.01	c.548C>T;c.838G>A	exonic
JK*02W.02	c.718T>A;c.838G>A	exonic
JK*02W.03	c.130G>A;c.588A>G;c.838G>A	exonic
JK*02W.04	c.130G>A;c.838G>A	exonic
JK*02W.05	c.277G>A;c.838G>A	exonic
JK*02W.06	c.1095T>C;c.998T>A;c.838G>A	exonic
CTL2*01		no_coding
CTL2*01N.01	Deletion of exons 1 to 14	structural
CTL2*01.-02	c.1192C>A	exonic
CTL2*01.04	c.455G>A	exonic
CTL2*01.-05	c.451C>T	exonic
FUT1*01		no_coding
FUT1*01.02	c.35C>T	exonic
FUT1*01N.01	c.422G>A	exonic
FUT1*01N.02	c.461A>G	exonic
FUT1*01N.03	c.462C>A	exonic
FUT1*01N.04	c.513G>C	exonic
FUT1*01N.05	c.538C>T	exonic
FUT1*01N.06	c.551_552del	exonic
FUT1*01N.07	c.586C>T	exonic
FUT1*01N.08	c.695G>A	exonic
FUT1*01N.09	c.725T>G	exonic
FUT1*01N.10	c.776T>A	exonic
FUT1*01N.11	c.785G>A;c.786C>A	exonic
FUT1*01N.12	c.826C>T	exonic
FUT1*01N.13	c.881_882del	exonic
FUT1*01N.14	c.944C>T	exonic
FUT1*01N.15	c.948C>G	exonic
FUT1*01N.16	c.980A>C	exonic
FUT1*01N.17	c.1047G>C	exonic
FUT1*01N.18	c.684G>A	exonic
FUT1*01N.19	c.694T>C	exonic
FUT1*01N.20	c.768del	exonic
FUT1*01N.21	c.13_19dup	exonic
FUT1*01N.22	c.791dup	exonic
FUT1*01N.23	c.710del	exonic
FUT1*01N.24	c.454del	exonic
FUT1*01N.25	c.288T>A	exonic
FUT1*01N.26	c.35C>T;c.423G>A	exonic
FUT1*01N.27	c.49T>C	exonic
FUT1*01N.28	c.361G>A	exonic
FUT1*01N.29	c.366_398del	exonic
FUT1*01N.30	c.392T>C	exonic
FUT1*01N.31	c.508dup	exonic
FUT1*01N.32	c.669_671del	exonic
FUT1*01N.33	c.749_765del	exonic
FUT1*01N.34	c.787A>C	exonic
FUT1*01N.35	c.961G>A, c.985_986insG	exonic
FUT1*01N.36	c.1051G>T	exonic
FUT1*01N.37	c.35C>T;c.980A>C	exonic
FUT1*01W.01	c.293C>T	exonic
FUT1*01W.02	c.328G>A	exonic
FUT1*01W.03	c.349C>T	exonic
FUT1*01W.04	c.442G>T	exonic
FUT1*01W.05.01	c.460T>C	exonic
FUT1*01W.05.02	c.1042G>A;c.460T>C	exonic
FUT1*01W.07	c.491T>A	exonic
FUT1*01W.08	c.522C>A	exonic
FUT1*01W.09	c.658C>T	exonic
FUT1*01W.10	c.659G>A	exonic
FUT1*01W.11	c.661C>T	exonic
FUT1*01W.12	c.682A>G	exonic
FUT1*01W.13	c.689A>C	exonic
FUT1*01W.14	c.721T>C	exonic
FUT1*01W.15	c.801G>C	exonic
FUT1*01W.16	c.801G>T	exonic
FUT1*01W.17	c.832G>A	exonic
FUT1*01W.18	c.901_903dup	exonic
FUT1*01W.19	c.917C>T	exonic
FUT1*01W.20	c.990del	exonic
FUT1*01W.21	c.235G>C	exonic
FUT1*01W.22	c.991C>A	exonic
FUT1*01W.23	c.424C>T	exonic
FUT1*01W.24	c.649G>T	exonic
FUT1*01W.26	c.545G>A	exonic
FUT1*01W.27	c.958G>A	exonic
FUT1*01W.28	c.896A>C	exonic
FUT1*01W.29	c.655G>C	exonic
FUT1*01W.31	c.35C>T;c.269G>T	exonic
FUT1*01W.32	c.35C>T;c.371T>G	exonic
FUT1*01W.33	c.35C>T;c.682A>G	exonic
FUT1*01W.34	c.35C>T;c.748C>T	exonic
FUT1*01W.35	c.424C>T	exonic
FUT1*01W.36	c.755G>C	exonic
FUT1*01W.37	c.803G>A	exonic
FUT1*01W.38	c.814A>G	exonic
FUT1*01W.39	c.229C>T;c.302C>T	exonic
FUT2*01		no_coding
FUT2*01.02	c.37G>A	exonic
FUT2*01.03.01	c.73A>G	exonic
FUT2*01.03.02	c.146C>T;c.73A>G	exonic
FUT2*01.03.03	c.514G>A;c.73A>G	exonic
FUT2*01.04	c.412C>T	exonic
FUT2*01.05	c.433G>A	exonic
FUT2*01.06	c.514G>A	exonic
FUT2*01.07	c.698G>A	exonic
FUT2*01.08	c.718G>A	exonic
FUT2*01.09	c.749G>A	exonic
FUT2*01.10	c.781_783dup	exonic
FUT2*01.11	c.131A>G;c.134T>G	exonic
FUT2*01N.01	c.277G>A;c.418A>T	exonic
FUT2*01N.02	c.461G>A	exonic
FUT2*01N.03	c.602G>A	exonic
FUT2*01N.04	c.604C>T	exonic
FUT2*01N.05	c.661C>T	exonic
FUT2*01N.06	c.691C>T	exonic
FUT2*01N.07	c.697C>T	exonic
FUT2*01N.08	c.719_720del	exonic
FUT2*01N.09	c.721_723del	exonic
FUT2*01N.10	c.433G>A;c.793G>A	exonic
FUT2*01N.11	c.812del	exonic
FUT2*01N.12	c.882G>A	exonic
FUT2*01N.13	c.901G>A	exonic
FUT2*01N.14	c.983C>T	exonic
FUT2*01N.15	c.335C>T	exonic
FUT2*01N.16	c.772G>A	exonic
FUT2*01N.17	c.445G>A	exonic
FUT2*01N.18	c.851C>A	exonic
FUT2*01W.01	c.311C>T	exonic
FUT2*01W.02.01	c.418A>T	exonic
FUT2*01W.02.02	c.418A>T;c.650T>G	exonic
FUT2*01W.02.03	c.418A>T;c.874G>A	exonic
FUT2*01W.03	c.886G>A	exonic
FUT2*01W.04	c.650T>C	exonic
FUT3*01.01		no_coding
FUT3*01.02	c.104G>A	exonic
FUT3*01.03	c.304C>A	exonic
FUT3*01.04	c.314C>T	exonic
FUT3*01.05	c.370T>G	exonic
FUT3*01.06	c.478C>T	exonic
FUT3*01.07	c.612A>G	exonic
FUT3*01.08.01	c.732C>T	exonic
FUT3*01.08.02	c.732C>T;c.858A>G	exonic
FUT3*01.10	c.1067T>A	exonic
FUT3*01.11	c.381G>A	exonic
FUT3*01.12	c.561G>A	exonic
FUT3*01.13	c.645T>C	exonic
FUT3*01.14	c.876C>T	exonic
FUT3*01.15	c.484G>A;c.667G>A	exonic
FUT3*01.16	c.484G>A;c.667G>A;c.808G>A	exonic
FUT3*01.17.01	c.59T>G	exonic
FUT3*01N.01.01	c.13G>A,c.484G>A	exonic
FUT3*01N.01.02	c.13G>A;c.484G>A;c.667G>A	exonic
FUT3*01N.01.03	c.13G>A;c.59T>G;c.484G>A;c.667G>A	exonic
FUT3*01N.01.04	c.13G>A;c.59T>G;c.667G>A	exonic
FUT3*01N.01.05	c.13G>A;c.508G>A;c.59T>G	exonic
FUT3*01N.01.06	c.13G>A;c.179G>A;c.484G>A;c.808G>A	exonic
FUT3*01N.01.07	c.13G>A,c.484G>A,c.522G>A,c.667G>A	exonic
FUT3*01N.01.08	c.13G>A;c.484G>A;c.667G>A;c.808G>A	exonic
FUT3*01N.01.09	c.13G>A;c.484G>A;c.667G>A;c.962G>A	exonic
FUT3*01N.01.10	c.13G>A;c.484G>A;c.667G>A;c.974C>T	exonic
FUT3*01N.01.11	c.13G>A;c.484G>A;c.808G>A;c.968G>C	exonic
FUT3*01N.01.12	c.13G>A;c.484G>A;c.968G>C	exonic
FUT3*01N.03.01	c.202T>C	exonic
FUT3*01N.03.02	c.202T>C;c.314C>T	exonic
FUT3*01N.03.03	c.202T>C;c.314C>T;c.484G>A	exonic
FUT3*01N.03.04	c.202T>C;c.1067T>A	exonic
FUT3*01N.03.05	c.202T>C;c.314C>T;c.451A>G	exonic
FUT3*01N.03.06	c.202T>C;c.314C>T;c.560C>T	exonic
FUT3*01N.03.07	c.202T>C;c.314C>T;c.612A>G	exonic
FUT3*01N.03.08	c.202T>C;c.314C>T;c.858A>G	exonic
FUT3*01N.03.09	c.202T>C;c.314C>T;c.882C>T	exonic
FUT3*01N.03.10	c.113G>A;c.202T>C;c.314C>T	exonic
FUT3*01N.03.11	c.202T>C;c.314C>T;c.47G>C	exonic
FUT3*01N.03.12	c.47G>C;c.202T>C;c.314C>T;c.655G>A;c.1029A>G	exonic
FUT3*01N.17.02	c.55G>A;c.59T>G	exonic
FUT3*01N.17.03	c.59T>G;c.1067T>A	exonic
FUT3*01N.17.04	c.59T>G;c.445C>A	exonic
FUT3*01N.17.05	c.59T>G;c.508G>A	exonic
FUT3*01N.17.06	c.59T>G;c.1007A>C;c.1029A>G	exonic
FUT3*01N.17.07	c.1067T>A;c.202T>C;c.59T>G	exonic
FUT3*01N.17.08	c.1067T>A;c.258C>T;c.59T>G	exonic
FUT3*01N.17.09	c.508G>A;c.548C>T;c.59T>G	exonic
FUT3*01N.17.10	c.508G>A;c.59T>G;c.612A>G	exonic
FUT3*01N.17.11	c.508G>A;c.59T>G;c.732C>T	exonic
FUT3*01N.17.12	c.508G>A;c.59T>G;c.858A>G	exonic
FUT3*01N.17.13	c.59T>G;c.548C>T;c.612A>G;c.1067T>A	exonic
FUT3*01N.17.14	c.1067T>A;c.571G>A;c.59T>G	exonic
FUT3*01N.17.15	c.508G>A;c.59T>G;c.61C>T	exonic
FUT3*01N.17.16	c.59T>G;c.61C>T;c.508G>A;c.980G>A	exonic
FUT3*01N.17.17	c.1022G>T;c.1067T>A;c.59T>G	exonic
FUT3*01N.17.18	c.146G>A;c.508G>A;c.59T>G	exonic
FUT3*01N.17.19	c.1061G>A;c.508G>A;c.59T>G	exonic
FUT3*01N.17.20	c.47G>C;c.59T>G;c.202T>C;c.490G>A	exonic
FUT3*01N.17.21	c.24G>C;c.508G>A;c.59T>G	exonic
FUT3*01N.17.22	c.1067T>A;c.59T>G;c.959T>C	exonic
KLF1*01		no_coding
KLF1*BGM01	c.-124T>C	promoter_5utr
KLF1*BGM02	c.380T>A	exonic
KLF1*BGM03	c.569del	exonic
KLF1*BGM04	c.874A>T	exonic
KLF1*BGM05	c.895C>T	exonic
KLF1*BGM06	c.954dup	exonic
KLF1*BGM07	c.983G>T	exonic
KLF1*BGM08	c.983G>A	exonic
KLF1*BGM09	c.991C>G	exonic
KLF1*BGM10	c.973G>A	exonic
KLF1*BGM11	c.90G>A	exonic
KLF1*BGM12	c.304T>C	exonic
KLF1*BGM13	c.114del	exonic
KLF1*BGM14	c.298G>T	exonic
KLF1*BGM15	c.304T>C;c.484_485insC	exonic
KLF1*BGM16	c.1003_1005del;c.304T>C	exonic
KLF1*BGM17	c.621C>G	exonic
KLF1*BGM18	c.948del	exonic
KLF1*BGM19	c.1040C>A;c.1045del	exonic
KLF1*BGM20	c.809C>A	exonic
KLF1*BGM21	c.977T>G	exonic
KLF1*BGM22	c.994A>G	exonic
KLF1*BGM23	c.519del	exonic
KLF1*BGM24	c.551_556delinsA	exonic
KLF1*BGM25	c.637C>T	exonic
KLF1*BGM26	c.802C>T	exonic
KLF1*BGM27	c.899T>C	exonic
KLF1*BGM28	c.902_903insT	exonic
KLF1*BGM29	c.947G>A	exonic
KLF1*BGM30	c.968C>G	exonic
KLF1*BGM31	c.991C>T	exonic
KLF1*BGM32	c.310dup	exonic
KLF1*BGM33	c.519dup	exonic
KLF1*BGM34	c.519_525dup	exonic
KLF1*BGM35	c.591C>G	exonic
KLF1*BGM36	c.663del	exonic
KLF1*BGM37	c.862A>G	exonic
KLF1*BGM38	c.1071C>A	exonic
KLF1*BGM39	c.109C>T	exonic
KLF1*BGM40	c.196G>T	exonic
KLF1*BGM41	c.204del	exonic
KLF1*BGM42	c.796C>T	exonic
KLF1*BGM43	c.1022G>A	exonic
KLF1*BGM44	c.151del	exonic
KLF1*BGM45	c.826C>T	exonic
KLF1*BGM46	c.868T>C	exonic
KLF1*BGM47	c.914-1G>C	intronic
KLF1*BGM48	c.1001C>T	exonic
KLF1*BGM49	c.1048C>T	exonic
KLF1*BGM50	c.86A>G	exonic
KLF1*BGM51	c.262_284dup	exonic
KLF1*BGM52	c.472del	exonic
KLF1*BGM53	c.533C>A	exonic
KLF1*BGM54	c.887T>C	exonic
KLF1*BGM55	c.939G>A	exonic
KLF1*BGM56	c.964C>A	exonic
KLF1*BGM57	c.1004G>C	exonic
KLF1*BGM58	c.892G>C	exonic
KLF1*BGM59	c.1012C>T	exonic
KLF1*BGM60	c.318T>G	exonic
KLF1*BGM61	c.911C>A	exonic
KLF1*BGM62	c.954G>C	exonic
KLF1*BGM63	c.421C>T	exonic
KLF1*BGM64	c.199del	exonic
KLF1*BGM65	c.604G>A	exonic
KLF*BGM66	c.858C>A	exonic
KLF*BGM67	c.1001C>G	exonic
KLF*BGM68	c.177dup	exonic
KLF*BGM69	c.304T>C;c.874A>G	exonic
KLF*BGM70	c.1003G>A	exonic
KLF*BGM71	c.56_74del	exonic
KLF*BGM72	c.304T>C;c.1017C>G	exonic
KLF*BGM73	c.304T>C;c.1028T>C	exonic
LU*01	c.230G>A	exonic
LU*01.-16	c.230G>A;c.679C>T	exonic
LU*01.19	c.1615A>G;c.230G>A	exonic
LU*02		no_coding
LU*02.-04.1	c.524G>A	exonic
LU*02.-04.2	c.524G>T	exonic
LU*02.-05	c.326G>A	exonic
LU*02.-07	c.1274A>C	exonic
LU*02.-12.1	c.100_105del	exonic
LU*02.-12.2	c.419G>A	exonic
LU*02.-13	c.1340C>T;c.1671C>T;c.1742A>T	exonic
LU*02.-17	c.340G>A	exonic
LU*02.-20	c.905C>T	exonic
LU*02.-21	c.282C>G	exonic
LU*02.-22	c.223C>T	exonic
LU*02.-23	c.1289C>T;c.469G>A	exonic
LU*02.-24	c.212G>A;c.711C>T;c.714C>T	exonic
LU*02.-25	c.662C>T	exonic
LU*02.-26	c.1495C>T	exonic
LU*02.-27	c.1184G>A;c.324G>A	exonic
LU*02.-28	c.121G>A	exonic
LU*02.-29	c.1351A>C	exonic
LU*02.-30	c.674G>A	exonic
LU*02.09	c.824C>T	exonic
LU*02.14	c.611T>A	exonic
LU*02.19	c.1615A>G	exonic
LU*02.19.14	c.1615A>G;c.611T>A	exonic
LU*02N.01	c.691C>T	exonic
LU*02N.02	c.204+323_504+183del	intronic
LU*02N.03	c.711C>A	exonic
LU*02N.04	c.361C>T	exonic
LU*02N.05	c.123_124dup	exonic
LU*02N.06	c.206_1887del	exonic
LU*02N.07	c.1049_1050delinsAAT	exonic
LU*02W.01	c.559C>T;c.711C>T;c.714C>T	exonic
LU*02W.02	c.611T>A;c.638C>T	exonic
LU*02W.03	c.1306C>T;c.1340C>T;c.1671C>T;c.1742A>T	exonic
LW*05		no_coding
LW*05.-8	c.309C>A	exonic
LW*05N.01	c.346_355del	exonic
LW*05N.02	c.137del	exonic
LW*05N.03	c.2T>A	exonic
LW*07	c.299A>G	exonic
MAM*01		no_coding
MAM*01N.01	c.123C>G;c.373A>G	exonic
MAM*01N.02	c.182-184_323-389del	intronic
MAM*01N.03	c.323-231_492+338del	intronic
MAM*01N.04	c.1-3513_492+1379del	intronic
MAM*01N.05	c.1-3532_492+1361del	intronic
OK*01.-01	c.274G>A	exonic
OK*01.-02	c.176G>T	exonic
OK*01.-03	c.178G>A	exonic
OK*01.01		no_coding
ABCB6*01		no_coding
ABCB6*01N.01	c.196dup	exonic
ABCB6*01N.02	c.717G>A	exonic
ABCB6*01N.03	c.953_956del	exonic
ABCB6*01N.04	c.1533_1543dup	exonic
ABCB6*01N.05	c.1709_1710del	exonic
ABCB6*01N.06	c.1690_1691del	exonic
ABCB6*01N.07	c.1867delinsAACAGGTGA	exonic
ABCB6*01N.08	c.1942C>T	exonic
ABCB6*01N.09	c.1985_1986del	exonic
ABCB6*01N.10	c.2256+2T>G	intronic
ABCB6*01N.11	c.1236G>A	exonic
ABCB6*01N.12	c.1559dup	exonic
ABCB6*01N.13	c.574C>T	exonic
ABCB6*01N.14	c.85_87del	exonic
ABCB6*01N.15	c.376del	exonic
ABCB6*01N.16	c.459del	exonic
ABCB6*01N.17	c.2256+1G>A	intronic
ABCB6*01N.18	c.296_301insG	exonic
ABCB6*01N.19	c.718C>T	exonic
ABCB6*01N.20	c.869-2A>G	intronic
ABCB6*01N.21	c.1199_1210del	exonic
ABCB6*01N.22	c.2383_2385del	exonic
ABCB6*01N.23	c.20A>G;c.403C>A	exonic
ABCB6*01N.24	c.296_301insG;c.459delC	exonic
ABCB6*01N.25	c.881_884delCTGA	exonic
ABCB6*01N.26	c.1617del	exonic
ABCB6*01N.27	c.2256+1G>A;c.459del	intronic
ABCB6*01N.28	c.1A>C	exonic
ABCB6*01N.29	c.827G>A	exonic
ABCB6*01N.30	c.971-1G>A	intronic
ABCB6*01N.31	c.1825G>A	exonic
ABCB6*01N.32	c.1912C>T	exonic
ABCB6*01N.33	c.2155C>T	exonic
ABCB6*01N.34	c.2351+1G>A	intronic
ABCB6*01N.35	c.1118_1124del	exonic
ABCB6*01N.36	c.1656-1G>A	intronic
ABCB6*01N.37	c.1463G>A	exonic
ABCB6*01N.38	c.829del	exonic
ABCB6*01N.39	c.589G>T	exonic
ABCB6*01W.01	c.826C>T	exonic
ABCB6*01W.02	c.1028G>A	exonic
ABCB6*01W.03	c.1762G>A	exonic
ABCB6*01W.04	c.2216G>A	exonic
ABCB6*01W.05	c.317A>G	exonic
ABCB6*01W.06	c.2206G>C	exonic
ABCB6*01W.07	c.403C>A	exonic
GE*01		no_coding
GE*01.-02.01	c.60_116del	exonic
GE*01.-02.02	c.50-1625_107-1625del	intronic
GE*01.-02.03	c.50-738_107-736del	intronic
GE*01.-02.04	c.50-1806_106+1744del	intronic
GE*01.-03.01	c.106+1288_191-736del	intronic
GE*01.-03.02	c.106+913_190+937del	intronic
GE*01.-03.03	c.106+143_190+156del	intronic
GE*01.-10	c.134C>T	exonic
GE*01.-11	c.56A>T	exonic
GE*01.-12	c.80C>T	exonic
GE*01.-13	c.59C>T	exonic
GE*01.-14	c.118G>A;c.333A>C	exonic
GE*01.05	c.23A>G	exonic
GE*01.06.01	c.107_190dup	exonic
GE*01.06.02	Triplicated Exon 3	structural
GE*01.07	c.67G>T	exonic
GE*01.08	c.40C>T	exonic
GE*01.09	c.95C>A	exonic
GE*01N.01	c.107-1_386del	intronic
GE*01N.02	c.131G>T;c.134del	exonic
KANNO*01		no_coding
KANNO*01.-01	c.655G>A	exonic
A4GALT*01		no_coding
A4GALT*01.02	c.109A>G	exonic
A4GALT*01.04	c.631C>G	exonic
A4GALT*01N.03.01	c.299C>T;c.903C>G	exonic
A4GALT*01N.03.02	c.299C>T	exonic
A4GALT*01N.09.01	c.548T>A	exonic
A4GALT*01N.10	c.559G>C	exonic
A4GALT*01N.11	c.560G>A	exonic
A4GALT*01N.13	c.657del	exonic
A4GALT*01N.16	c.752C>T	exonic
A4GALT*01N.17	c.769del	exonic
A4GALT*01N.18	c.783G>A	exonic
A4GALT*01N.19	c.972_997del	exonic
A4GALT*01N.28	c.68dupT;c.109A>G	exonic
A4GALT*01N.34	c.367T>C;c.547_548del;c.109A>G	exonic
A4GALT*01N.35	c.480_495dup;c.109A>G	exonic
A4GALT*02	c.-188+3010G>T	intronic
A4GALT*02.02	c.-188+3010G>T;c.109A>G	intronic
A4GALT*02N.01.02	c.241_243del	exonic
A4GALT*02N.14	c.732dup	exonic
A4GALT*02N.20	c.1029dup	exonic
A4GALT*02N.21	c.201dup	exonic
A4GALT*02N.22	c.418C>T	exonic
A4GALT*02N.23	c.498G>A	exonic
A4GALT*02N.24	c.287G>A	exonic
A4GALT*02N.25	c.418_428delinsTGGACCTGCTGGACCTGCTGGACCTGCTGGAACA	exonic
A4GALT*02N.26	c.473G>A	exonic
A4GALT*02N.27	c.504dup;c.914C>T	exonic
A4GALT*0XN.01.01	c.241_243del;c.903C>G	exonic
A4GALT*0XN.04	c.301del	exonic
A4GALT*0XN.06	c.470_496delinsCGTACCCGAC	exonic
A4GALT*0XN.09.02	c.548T>A;c.987G>A	exonic
A4GALT*0XN.12	c.656C>T	exonic
A4GALT*0XN.15	c.751C>T	exonic
A4GALT*0XN.29	c.290C>T;c.109A>G	exonic
A4GALT*0XN.30	c.752C>T;c.109A>G	exonic
A4GALT*0XN.31	c.902delC;c.109A>G	exonic
A4GALT*0XN.32	c.972_997del;c.109A>G	exonic
A4GALT*0XN.33	c.388dupA;c.109A>G	exonic
A4GALT*0XN.36	c.955A>T	exonic
A4GALT*N.01	NC_000022.10: g.43097156_43129968del (Exon 1 deleted)	structural
A4GALT*N.02	NC_000022.10: g.43103896_43124759del (Exon 1 deleted)	structural
A4GALT*N.03	NC_000022.10: g.43095125_43120758del (Exon 1 deleted)	structural
GLOB*01	c.376G>A	exonic
GLOB*01.02	c.376G>A	exonic
GLOB*01N.01	c.202C>T	exonic
GLOB*01N.02	c.292dup	exonic
GLOB*01N.03	c.433C>T	exonic
GLOB*01N.04	c.537dup	exonic
GLOB*01N.05	c.648A>C	exonic
GLOB*01N.06	c.797A>C	exonic
GLOB*01N.07	c.811G>A	exonic
GLOB*01N.08	c.959G>A	exonic
GLOB*01N.09	c.203del	exonic
GLOB*01N.10	c.376G>A;c.598del	exonic
GLOB*01N.11	c.456T>G	exonic
GLOB*01N.12	c.449A>G	exonic
GLOB*01N.13	c.420T>G	exonic
ABCG2*01		no_coding
ABCG2*01N.01	c.376C>T	exonic
ABCG2*01N.02.01	c.706C>T	exonic
ABCG2*01N.02.02	c.34G>A;c.706C>T	exonic
ABCG2*01N.03	c.736C>T	exonic
ABCG2*01N.04	c.337C>T	exonic
ABCG2*01N.05	c.784G>T	exonic
ABCG2*01N.06	c.1591C>T;c.34G>A	exonic
ABCG2*01N.07	c.187_197del	exonic
ABCG2*01N.08	c.542dup	exonic
ABCG2*01N.09	c.730C>T	exonic
ABCG2*01N.10	c.791_792del	exonic
ABCG2*01N.11	c.875_878dup	exonic
ABCG2*01N.12	c.1111_1112del	exonic
ABCG2*01N.13	c.245dup;c.34G>A	exonic
ABCG2*01N.14	c.1019_1021del	exonic
ABCG2*01N.15	c.420dup	exonic
ABCG2*01N.16	c.986_987del	exonic
ABCG2*01N.17	c.263+1G>A	intronic
ABCG2*01N.18	c.289A>T	exonic
ABCG2*01N.19	c.566del	exonic
ABCG2*01N.20	c.1515del	exonic
ABCG2*01N.21	c.1723C>T	exonic
ABCG2*01N.22	c.1789_1790insT	exonic
ABCG2*01N.23	c.-273-10904_-19-2432	intronic
ABCG2*01N.24	c.2T>C	exonic
ABCG2*01N.25	c.1515del;c.421C>A	exonic
ABCG2*01N.26	c.439C>T	exonic
ABCG2*01N.27	c.204-193_531+13delinsCATTTCAGTGGTCTCCC	intronic
ABCG2*01N.28	c.1820+1G>A	intronic
ABCG2*01W.01	c.421C>A	exonic
ABCG2*01W.02	c.1858G>A	exonic
ABCG2*01W.03	c.1714A>C	exonic
PIGG*01		no_coding
PIGG*01N.01	c.2624_2625del	exonic
PIGG*01N.02	c.901+1del	intronic
PIGG*01N.03	c.1640G>A	exonic
PIGG*01N.04	c.640C>T	exonic
PIGG*01N.05	c.902-3432_1114+417delinsGGGCGCGGTGGCTCATTTGTG	intronic
PIGG*01N.06	c.155-215_570+216del	intronic
PIGG*01N.07	c.1114+2230_2069+847del	intronic
PIGG*01N.08	c.361-51_383delinsGACTT	intronic
AUG*01		no_coding
AUG*01N	c.589+1G>C	intronic
AUG*02	c.1171G>A	exonic
AUG*03	c.1159A>C	exonic
AUG*04	c.242A>G	exonic
C4A*03		no_coding
C4A*07		no_coding
C4A*01	3218A>G;3527A>G;3620T>C;3629T>G;3630C>G	exonic
C4A*03	c.3527A>G	exonic
C4A*N.02	c.3695_3696dupTC	exonic
C4A*N.03	c.2490delC	exonic
C4A*N.04	c.1546_1547delGT	exonic
C4B*03		no_coding
C4B*01	c.3527G>A	exonic
C4B*02	c.3218G>A	exonic
C4B*05	c.3218G>A;c.3620C>T;c.3629G>T;c.3630G>C	exonic
C4B*N.01	c.1623delC	exonic
C4B*N.02	c.3695_3696dupTC	exonic
C4B*N.03	IVS28+1g>a	intronic
GCNT2*01		no_coding
GCNT2*01.02	c.816C>G	exonic
GCNT2*01N.01	c.1049G>A	exonic
GCNT2*01N.02	c.1154G>A	exonic
GCNT2*01N.05	c.984G>A	exonic
GCNT2*01N.06	c.926-35361_1182del	intronic
GCNT2*01N.07	c.651del	exonic
GCNT2*01N.08	c.935G>A	exonic
GCNT2*01N.09	C.1169_1172delATCA	exonic
GCNT2*01N.10	c.1006G>A;c.816C>G	exonic
GCNT2*01W.01	c.243T>A	exonic
GCNT2*01W.02	c.505G>A	exonic
GCNT2*01W.03	c.683G>A	exonic
GCNT2*01W.04	c.1054G>A;c.1184C>T	exonic
RHAG*01		no_coding
RHAG*01.-01	c.316C>G	exonic
RHAG*01.-03	c.490A>C	exonic
RHAG*01.02	c.680C>T	exonic
RHAG*01.06	c.1063A>C	exonic
RHAG*01.07	c.140T>C	exonic
RHAG*01M.01	c.1184del	exonic
RHAG*01M.02	c.3G>T	exonic
RHAG*01M.03	c.236G>A	exonic
RHAG*01M.04	c.269G>T	exonic
RHAG*01M.05	c.398T>C	exonic
RHAG*01M.06	c.560G>A	exonic
RHAG*01M.07	c.1195G>T	exonic
RHAG*01M.08	c.182T>G	exonic
RHAG*01M.09	c.194T>C	exonic
RHAG*01M.10	c.572G>A	exonic
RHAG*01M.11	c.241G>C	exonic
RHAG*01M.12	c.920C>T	exonic
RHAG*01M.13	c.514A>G	exonic
RHAG*01M.14	c.572G>A;c.707A>C	exonic
RHAG*01M.15	c.1034G>A	exonic
RHAG*01N.01	c.154_157delinsGA	exonic
RHAG*01N.02	c.1086del	exonic
RHAG*01N.03	c.157+1G>A	intronic
RHAG*01N.04	c.945+1G>A	intronic
RHAG*01N.05	c.946-1G>A	intronic
RHAG*01N.06	c.946-1G>T	intronic
RHAG*01N.07	c.1067+1G>A	intronic
RHAG*01N.08	c.808G>A;c.838G>A	exonic
RHAG*01N.09	c.836G>A	exonic
RHAG*01N.10	c.1094T>G	exonic
RHAG*01N.11	c.1139G>T	exonic
RHAG*01N.12	c.353C>T	exonic
RHAG*01N.13	c.1003G>A	exonic
RHAG*01N.14	c.946-2A>G	intronic
RHAG*01N.15	c.-27_*638del	promoter_5utr
RHAG*01N.16	c.310C>T	exonic
RHAG*01N.17	c.640+3_640+17del	intronic
RHAG*01N.18	c.790C>T	exonic
RHAG*01N.19	c.543delT	exonic
RHAG*01N.20	c.672C>A	exonic
RHAG*01N.21	c.571C>T	exonic
RHAG*01N.22	c.540C>A	exonic
RHAG*01N.23	c.532delG	exonic
RHAG*01N.24	c.12del	exonic
RHAG*01N.25	c.236G>A	exonic
RHAG*01N.26	c.544G>A	exonic
RHAG*01N.27	c.1108G>A	exonic
CO*01.01		no_coding
CO*01.-04	c.140A>G	exonic
CO*01N.03	c.576C>A	exonic
CO*01N.04	c.232del	exonic
CO*01N.05	c.112C>T	exonic
CO*01N.06	c.601del	exonic
CO*02.01	c.134C>T	exonic
CO*02.02	c.134C>A	exonic
CO*M.01	c.113C>T	exonic
CO*N.01	c.1_384del	exonic
CO*N.02	c.308dup	exonic
KEL*01.01	c.578C>T	exonic
KEL*01.02	c.577A>T	exonic
KEL*01.03	c.578C>T;c.841C>T	exonic
KEL*01M.01	c.578C>G	exonic
KEL*01M.02	c.977C>T;c.578C>T	exonic
KEL*01M.03	c.1339C>T;c.1680A>C;c.578C>T	exonic
KEL*01M.04	c.1920G>C;c.1921G>A;c.578C>T	exonic
KEL*01M.05	c.1899A>G;c.1934C>T;c.578C>T	exonic
KEL*01M.06	c.2107G>C;c.578C>T;c.1680A>C	exonic
KEL*01N.01	c.1678C>G;c.578C>T	exonic
KEL*01N.02	c.244T>C;c.578C>T	exonic
KEL*01N.03	c.578C>T;c.1382_1385del	exonic
KEL*01N.04	c.578C>T;c.821T>A	exonic
KEL*02	c.578C	exonic
KEL*02.-12	c.1643A>G	exonic
KEL*02.-14.1	c.538C>T	exonic
KEL*02.-14.2	c.539G>A	exonic
KEL*02.-18.1	c.388C>T	exonic
KEL*02.-18.2	c.389G>A	exonic
KEL*02.-19	c.1475G>A	exonic
KEL*02.-22	c.965C>T	exonic
KEL*02.-26	c.1217G>A	exonic
KEL*02.-27	c.745G>A	exonic
KEL*02.-29	c.1868G>A	exonic
KEL*02.-30	c.913G>A	exonic
KEL*02.-32	c.1271C>T	exonic
KEL*02.-33	c.1283G>T	exonic
KEL*02.-34	c.758A>G	exonic
KEL*02.-35	c.2024G>A;c.780G>T	exonic
KEL*02.-36	c.1391C>T	exonic
KEL*02.02	c.1546C>A	exonic
KEL*02.03	c.841C>T	exonic
KEL*02.06	c.1790T>C	exonic
KEL*02.10	c.1481A>T	exonic
KEL*02.17	c.905T>C	exonic
KEL*02.21	c.842G>A	exonic
KEL*02.23	c.1145A>G	exonic
KEL*02.24	c.539G>C	exonic
KEL*02.25	c.743G>A	exonic
KEL*02.28	c.742C>T	exonic
KEL*02.31	c.875G>A	exonic
KEL*02.39	c.877C>T	exonic
KEL*02.41	c.1538G>A	exonic
KEL*02M.01	c.1088G>A	exonic
KEL*02M.02	c.2030A>G	exonic
KEL*02M.03	c.986T>C	exonic
KEL*02M.04	c.2107G>A	exonic
KEL*02M.05	c.1719C>T	exonic
KEL*02M.06	c.1298C>T;c.306C>A	exonic
KEL*02M.07	c.1763A>G	exonic
KEL*02M.08	c.1490A>T	exonic
KEL*02M.09	c.1757T>G	exonic
KEL*02M.10	c.787G>A	exonic
KEL*02M.11	c.1268C>T	exonic
KEL*02M.12	c.2111C>A	exonic
KEL*02M.13	c.257G>A;c.841C>T	exonic
KEL*02M.14	c.1084C>A	exonic
KEL*02M.15	c.575G>C	exonic
KEL*02M.16	c.788G>A	exonic
KEL*02M.17	c.586C>G	exonic
KEL*02M.18	c.1664G>T	exonic
KEL*02M.19	c.575G>A	exonic
KEL*02N.01	c.223+1G>C	intronic
KEL*02N.02	c.1790T>C;c.382C>T	exonic
KEL*02N.03	c.246T>A	exonic
KEL*02N.04	c.1042C>T	exonic
KEL*02N.05	c.2027G>A	exonic
KEL*02N.06	c.223+1G>A	intronic
KEL*02N.07	c.574C>T	exonic
KEL*02N.08	c.526-2A>G	intronic
KEL*02N.09	c.1377G>A	exonic
KEL*02N.10	c.1420C>T	exonic
KEL*02N.11	c.904del	exonic
KEL*02N.12	c.924+1G>A	intronic
KEL*02N.13	c.924+1G>T	intronic
KEL*02N.14	c.948G>A	exonic
KEL*02N.15	c.1216C>T	exonic
KEL*02N.16	c.1477C>T	exonic
KEL*02N.17	c.1546C>T	exonic
KEL*02N.18	c.1678C>G	exonic
KEL*02N.19	c.2023C>T	exonic
KEL*02N.20	c.1596G>A	exonic
KEL*02N.21	c.1947C>G	exonic
KEL*02N.22	c.736-1G>C	intronic
KEL*02N.23	c.184dup	exonic
KEL*02N.24	c.715G>T	exonic
KEL*02N.25	c.1975del	exonic
KEL*02N.26	c.382C>T	exonic
KEL*02N.27	c.730del	exonic
KEL*02N.28	c.230G>T	exonic
KEL*02N.29	c.1664G>A	exonic
KEL*02N.30	c.71G>A	exonic
KEL*02N.31	c.1771+1G>A	intronic
KEL*02N.32	c.455A>G	exonic
KEL*02N.33	c.1726G>C	exonic
KEL*02N.34	c.2099G>A;c.841C>T	exonic
KEL*02N.35	c.398T>C	exonic
KEL*02N.36	c.436del	exonic
KEL*02N.37	c.1253T>C	exonic
KEL*02N.38	c.1832T>G	exonic
KEL*02N.39	c.2098C>T	exonic
KEL*02N.40	c.1474C>T	exonic
KEL*02N.41	c.267C>G	exonic
KEL*02N.42	c.299G>C	exonic
KEL*02N.43	c.328del	exonic
KEL*02N.44	c.2175del	exonic
KEL*02N.45	c.1073G>C;c.937G>A	exonic
KEL*02N.46	c.160_161delinsCTCC	exonic
KEL*02N.47	c.1664G>T	exonic
KEL*02N.48	c.481A>T	exonic
KEL*02N.49	c.997C>T	exonic
KEL*02N.50	c.2120del	exonic
KEL*02N.51	c.1414-1G>C	intronic
KEL*02N.52	c.1813dup	exonic
KEL*02N.53	c.371del	exonic
KEL*02N.54	c.201C>A	exonic
KEL*02N.55	c.712C>T	exonic
KEL*02N.56	c.1896_1897del	exonic
KEL*02N.57	c.223+1G>T	intronic
KEL*02N.58	c.184del	exonic
KEL*02N.59	c.1708G>A	exonic
KEL*02N.60	c.1314+5G>A	intronic
KEL*02N.61	c.972del	exonic
KEL*02N.62	c.1130T>C	exonic
KEL*02N.63	c.454_456del	exonic
KEL*02N.64	c.523G>T	exonic
KEL*02N.65	c.2038-2A>G	intronic
KEL*02N.66	c.948G>T	exonic
KEL*02N.67	c.841C>T,c.1414-1G>T	intronic
YT*01		no_coding
YT*01.-03	c.266G>A	exonic
YT*01.-04	c.169G>A	exonic
YT*01.-05	c.101G>A	exonic
YT*02	c.1057C>A	exonic
GBGT1*01N.01		no_coding
GBGT1*01.01	c.887G>A	exonic
GBGT1*01.02	c.58C>T;c.887G>A	exonic
GBGT1*01N.02	c.58C>T	exonic
GBGT1*01N.03	c.363C>A	exonic
GBGT1*01N.04	c.363C>A;c.870C>T	exonic
GIL*01		no_coding
GIL*01N.02	c.277_283dup	exonic
GIL*01N.01	c.710+1G>A	intronic
GATA1*01		no_coding
GATA1*BGM01	c.1240T>C	exonic
XG*01		no_coding
XG*01N.01	c.3932G>T	exonic
XG*01N.02	c.127+1650_454+605del	intronic
XG*01N.03	c.3932G>T	exonic
CD99*01		no_coding
CD99*01N.01	c.100_362del	exonic
CD99*01N.02	c.148_476del	exonic
CD99*01N.03		no_coding
XK*01		no_coding
XK*01.02	c.121T>G	exonic
XK*N.01	Deletion of XK gene	structural
XK*N.02	c.1_245del	exonic
XK*N.03	c.1_245del	exonic
XK*N.04	c.248_508+2del	exonic
XK*N.05	c.245_246del	exonic
XK*N.06	del -272 to 119	structural
XK*N.07	c.172del	exonic
XK*N.08	c.269del	exonic
XK*N.09	c.268delT	exonic
XK*N.10	c.451dup	exonic
XK*N.11	c.686_687del	exonic
XK*N.12	c.771del	exonic
XK*N.13	c.856_860del	exonic
XK*N.14	c.938_951del	exonic
XK*N.15	c.1013del	exonic
XK*N.16	c.107G>A	exonic
XK*N.17	c.397C>T	exonic
XK*N.18	c.463C>T	exonic
XK*N.19	c.707G>A	exonic
XK*N.20	C.895C>T	exonic
XK*N.21	c.941G>A	exonic
XK*N.22	c.245+1G>C	intronic
XK*N.23	c.246-1G>A	intronic
XK*N.24	c.508+1G>A	intronic
XK*N.25	c.508+5G>A	intronic
XK*N.26	c.509-1G>A	intronic
XK*N.27	c.664C>G	exonic
XK*N.28	c.880T>C	exonic
XK*N.29	c.979G>A	exonic
XK*N.30	c.1124C>G	exonic
XK*N.31	c.1134G>C	exonic
XK*N.32	c.962A>G	exonic
XK*N.33	c.509-13C>G	intronic
XK*N.34	c.523dup	exonic
XK*N.35	c.509-2A>G	intronic
XK*N.36	c.229del	exonic
XK*N.37	c.154C>T	exonic
XK*N.38	C.669-673delTGTAGinsGGTCCTCTTTACC	intronic
XK*N.39	c.199_202del	exonic
XK*N.40	c.640_645del	exonic
XK*N.41	c.475del	exonic
XK*N.42	c.1015A>T	exonic
XK*N.43	c.452A>C	exonic
XK*N.44	c.82_83insC	exonic
XK*N.45	c.435del	exonic
XK*N.46	c.642G>A	exonic
XK*N.47	c.942G>A	exonic
XK*N.48	c.577A>T	exonic
XK*N.01.001	del Xp22.3-21.1	structural
XK*N.01.002	del Xp22.3-21.1	structural
XK*N.01.003	del Xp22.3-21.1	structural
XK*N.01.004	del Xp22.3-21.1	structural
XK*N.01.005	del Xp22.3-21.1	structural
XK*N.01.006	del Xp22.3-21.1	structural
XK*N.01.007	del Xp22.3-21.1	structural
XK*N.01.008	del Xp22.3-21.1	structural
XK*N.01.009	del Xp22.3-21.1	structural
XK*N.01.010	del Xp22.3-21.1	structural
XK*N.01.011	del Xp22.3-21.1	structural
XK*N.01.100	del 1.12mbp (telomeric LOC441488 to centromeric XK Intron 2)	structural
XK*N.01.101	del 5.65mbp (telomeric TCTE1L to centromeric DMD )	structural
XK*N.01.102	del 0.59mpb (telomeric LANCL3 to centromeric DYNLT3 )	structural
XK*N.01.103	del 1.94mbp (telomeric CXorf22 to centromeric DYNLT3 )	structural
XK*N.01.104	del 5.71mbp (telomeric DMD to centromeric DYNLT3 )	structural
XK*N.01.105	del 0.151mpb (telomeric LANCL3 to centromeric CYBB)	structural
ABO*A1.01		no_coding
ABO*A1.02	c.467C>T;c.261delG	exonic
ABO*A2.01	c.467C>T;c.1061del;c.261delG	exonic
ABO*A2.02	c.1054C>T;c.261delG	exonic
ABO*A2.03	c.1054C>G;c.261delG	exonic
ABO*A2.04	c.297A>G;c.526C>G;c.657C>T;c.703G>A;c.771C>T;c.829G>A;c.261delG	exonic
ABO*A2.05	c.467C>T;c.1009A>G;c.261delG	exonic
ABO*A2.06	c.1061del;c.261delG	exonic
ABO*A2.07	c.539G>C;c.261delG	exonic
ABO*A2.08	c.467C>T;c.539G>C;c.261delG	exonic
ABO*A2.09	c.467C>T;c.527G>A;c.1061del;c.261delG	exonic
ABO*A2.10	c.268T>C;c.467C>T;c.261delG	exonic
ABO*A2.11	c.266C>T;c.467C>T;c.261delG	exonic
ABO*A2.12	c.190G>A;c.527G>A;c.1061del;c.261delG	exonic
ABO*A2.13	c.467C>T;c.742C>T;c.261delG	exonic
ABO*A2.16	c.106G>T;c.188G>A;c.189C>T;c.467C>T;c.1061del	exonic
ABO*A2.17	c.407C>T;c.467C>T;c.261delG	exonic
ABO*A2.18	c.467C>T;c.722G>A;c.261delG	exonic
ABO*A2.19	c.467C>T;c.778G>A;c.261delG	exonic
ABO*A2.20	c.467C>T;c.829G>A;c.261delG	exonic
ABO*A3.01	c.871G>A;c.261delG	exonic
ABO*A3.02	c.829G>A;c.1061del;c.261delG	exonic
ABO*A3.03	c.838C>T;c.261delG	exonic
ABO*A3.04	c.467C>T;c.539G>A;c.1061del;c.261delG	exonic
ABO*A3.05	c.820G>A;c.261delG	exonic
ABO*A3.06	c.467C>T;c.820G>A;c.261delG	exonic
ABO*A3.07	c.467C>T;c.745C>T;c.261delG	exonic
ABO*AEL.01	c.804dup;c.261delG	exonic
ABO*AEL.02	c.467C>T;c.646T>A;c.681G>A;c.261delG	exonic
ABO*AEL.03	c.804del;c.261delG	exonic
ABO*AEL.04	c.374+5G>A;c.261delG	intronic
ABO*AEL.05	c.467C>T;c.767T>C;c.261delG	exonic
ABO*AEL.06	c.425T>C;c.467C>T;c.261delG	exonic
ABO*AEL.07	c.467C>T;c.681G>A;c.771C>T;c.829G>A;c.261delG	exonic
ABO*AEL.08	c.467C>T;c.804dup;c.261delG	exonic
ABO*AM.01	c.467C>T;c.761C>T;c.261delG	exonic
ABO*AM.02	c.664G>A;c.261delG	exonic
ABO*AW.01	c.407C>T;c.467C>T;c.1061del;c.261delG	exonic
ABO*AW.02	c.350G>C;c.467C>T;c.1061del;c.261delG	exonic
ABO*AW.03	c.203G>C;c.467C>T;c.1061del;c.261delG	exonic
ABO*AW.04	c.721C>T;c.261delG	exonic
ABO*AW.05	c.965A>G;c.261delG	exonic
ABO*AW.06	c.502C>G;c.261delG	exonic
ABO*AW.07	c.467C>T;c.592C>T;c.1061del;c.261delG	exonic
ABO*AW.08	c.220C>T;c.297A>G;c.488C>T;c.526C>G;c.802G>A	exonic
ABO*AW.09	c.46G>A;c.106G>T;c.188G>A;c.220C>T;c.467C>T;c.1061del	exonic
ABO*AW.10	c.784G>A;c.261delG	exonic
ABO*AW.11	c.523G>A;c.721C>T;c.261delG	exonic
ABO*AW.12	c.467C>T;c.556A>G;c.261delG	exonic
ABO*AW.13	c.2T>C;c.261delG	exonic
ABO*AW.14	c.467C>T;c.699C>A;c.261delG	exonic
ABO*AW.15	c.374+4A>T;c.261delG	intronic
ABO*AW.16	c.1A>G;c.467C>T;c.1061del;c.261delG	exonic
ABO*AW.17	c.236C>T;c.467C>T;c.1061del;c.261delG	exonic
ABO*AW.18	c.347T>C;c.467C>T;c.1061del;c.261delG	exonic
ABO*AW.19	c.434A>G;c.467C>T;c.1061del;c.261delG	exonic
ABO*AW.20	c.467C>T;c.607G>A;c.1061del;c.261delG	exonic
ABO*AW.21	c.467C>T;c.607G>C;c.1061del;c.261delG	exonic
ABO*AW.22	c.467C>T;c.634G>A;c.1061del;c.261delG	exonic
ABO*AW.23	c.467C>T;c.722G>A;c.1061del;c.261delG	exonic
ABO*AW.24	c.467C>T;c.742C>T;c.1061del;c.261delG	exonic
ABO*AW.25	c.467C>T;c.829G>A;c.1061del;c.261delG	exonic
ABO*AW.26	c.467C>T;c.527G>A;c.1061del;c.261delG	exonic
ABO*AW.27	c.527G>A;c.1061del;c.261delG	exonic
ABO*AW.28	c.98+2T>C;c.261delG	intronic
ABO*AW.29	c.311T>A;c.261delG	exonic
ABO*AW.30.01	c.646T>A;c.261delG	exonic
ABO*AW.30.02	c.646T>A;c.681G>A;c.261delG	exonic
ABO*AW.31.01	c.297A>G;c.646T>A;c.681G>A;c.771C>T;c.829G>A;c.261delG	exonic
ABO*AW.31.02-05	c.646T>A;c.681G>A;c.771C>T;c.829G>A;c.261delG	exonic
ABO*AW.32	c.996G>A;c.261delG	exonic
ABO*AW.33	c.467C>T;c.543G>T;c.261delG	exonic
ABO*AW.34	c.467C>T;c.829G>A;c.1009A>G;c.261delG	exonic
ABO*AW.35	c.467C>T;c.860C>T;c.261delG	exonic
ABO*AW.36	c.607G>A;c.261delG	exonic
ABO*AW.37	c.940A>G;c.261delG	exonic
ABO*AW.38	c.426G>C;c.261delG	exonic
ABO*AW.39	c.385T>C;c.261delG	exonic
ABO*AW.40	c.499G>T;c.261delG	exonic
ABO*AW.41	c.370A>G;c.261delG	exonic
ABO*AW.42	c.467C>T;c.905A>G;c.261delG	exonic
ABO*AW.43	c.467C>T;c.721C>T;c.261delG	exonic
ABO*AW.44	c.374+4A>G;c.261delG	intronic
ABO*AW.45	c.203+1del;c.467C>T;c.1061del;c.261delG	intronic
ABO*B.01	c.297A>G;c.526C>G;c.657C>T;c.703G>A;c.796C>A;c.803G>C;c.930G>A;c.261delG	exonic
ABO*B.02	c.297A>G;c.526C>G;c.657C>T;c.703G>A;c.796C>A;c.803G>C;c.930G>A;c.892G>T;c.261delG	exonic
ABO*B.03	c.297A>G;c.526C>G;c.657C>T;c.703G>A;c.796C>A;c.803G>C;c.930G>A;c.559C>T;c.261delG	exonic
ABO*B3.01	c.297A>G;c.526C>G;c.657C>T;c.703G>A;c.796C>A;c.803G>C;c.930G>A;c.1054C>T;c.261delG	exonic
ABO*B3.02	c.297A>G;c.526C>G;c.657C>T;c.703G>A;c.796C>A;c.803G>C;c.930G>A;c.646T>A;c.261delG	exonic
ABO*B3.03	c.297A>G;c.526C>G;c.657C>T;c.703G>A;c.796C>A;c.803G>C;c.930G>A;c.155+5G>A;c.261delG	intronic
ABO*B3.04	c.297A>G;c.526C>G;c.657C>T;c.703G>A;c.796C>A;c.803G>C;c.930G>A;c.247G>T;c.261delG	exonic
ABO*B3.05	c.297A>G;c.526C>G;c.657C>T;c.703G>A;c.796C>A;c.803G>C;c.930G>A;c.425T>C;c.261delG	exonic
ABO*B3.06	c.297A>G;c.526C>G;c.657C>T;c.703G>A;c.796C>A;c.803G>C;c.930G>A;c.547G>A;c.261delG	exonic
ABO*B3.07	c.297A>G;c.526C>G;c.657C>T;c.703G>A;c.796C>A;c.803G>C;c.930G>A;c.410C>T;c.261delG	exonic
ABO*B3.08	c.297A>G;c.526C>G;c.657C>T;c.703G>A;c.796C>A;c.803G>C;c.930G>A;c.938A>C;c.261delG	exonic
ABO*BA.01	c.297A>G;c.526C>G;c.796C>A;c.803G>C;c.930G>A;c.261delG	exonic
ABO*BA.02	c.297A>G;c.526C>G;c.657C>T;c.700C>G;c.703G>A;c.796C>A;c.803G>C;c.930G>A;c.261delG	exonic
ABO*BA.03	c.297A>G;c.526C>G;c.657C>T;c.796C>A;c.803G>C;c.930G>A;c.261delG	exonic
ABO*BA.04	c.297A>G;c.526C>G;c.640A>G;c.657C>T;c.703G>A;c.796C>A;c.803G>C;c.930G>A;c.261delG	exonic
ABO*BA.05	c.297A>G;c.526C>G;c.641T>C;c.657C>T;c.703G>A;c.796C>A;c.803G>C;c.930G>A;c.261delG	exonic
ABO*BA.06	c.297A>G;c.526C>G;c.657C>T;c.703G>A;c.796C>A;c.930G>A;c.261delG	exonic
ABO*BEL.01	c.297A>G;c.526C>G;c.657C>T;c.703G>A;c.796C>A;c.803G>C;c.930G>A;c.641T>G;c.261delG	exonic
ABO*BEL.02	c.297A>G;c.526C>G;c.657C>T;c.703G>A;c.796C>A;c.803G>C;c.930G>A;c.669G>T;c.261delG	exonic
ABO*BEL.03	c.297A>G;c.526C>G;c.657C>T;c.703G>A;c.796C>A;c.803G>C;c.930G>A;c.502C>T;c.261delG	exonic
ABO*BEL.04	c.467C>T;c.646T>A;c.681G>A;c.771C>T;c.796C>A;c.803G>C;c.829G>A;c.261delG	exonic
ABO*BEL.05	c.297A>G;c.526C>G;c.657C>T;c.703G>A;c.796C>A;c.803G>C;c.930G>A;c.952G>A;c.261delG	exonic
ABO*BW.01	c.297A>G;c.526C>G;c.657C>T;c.703G>A;c.796C>A;c.803G>C;c.930G>A;c.871G>A;c.261delG	exonic
ABO*BW.02	c.297A>G;c.526C>G;c.657C>T;c.703G>A;c.796C>A;c.803G>C;c.930G>A;c.873C>G;c.261delG	exonic
ABO*BW.03	c.297A>G;c.526C>G;c.657C>T;c.703G>A;c.796C>A;c.803G>C;c.930G>A;c.721C>T;c.261delG	exonic
ABO*BW.04	c.297A>G;c.526C>G;c.657C>T;c.703G>A;c.796C>A;c.803G>C;c.930G>A;c.548A>G;c.261delG	exonic
ABO*BW.05	c.297A>G;c.526C>G;c.657C>T;c.703G>A;c.796C>A;c.803G>C;c.930G>A;c.539G>A;c.261delG	exonic
ABO*BW.06	c.297A>G;c.526C>G;c.657C>T;c.703G>A;c.796C>A;c.803G>C;c.930G>A;c.1036A>G;c.261delG	exonic
ABO*BW.07	c.297A>G;c.526C>G;c.657C>T;c.703G>A;c.796C>A;c.803G>C;c.930G>A;c.1055G>A;c.261delG	exonic
ABO*BW.08	c.297A>G;c.526C>G;c.657C>T;c.703G>A;c.796C>A;c.803G>C;c.930G>A;c.863T>G;c.261delG	exonic
ABO*BW.09	c.297A>G;c.526C>G;c.657C>T;c.703G>A;c.796C>A;c.803G>C;c.930G>A;c.1037A>T;c.261delG	exonic
ABO*BW.10	c.297A>G;c.526C>G;c.657C>T;c.703G>A;c.796C>A;c.803G>C;c.930G>A;c.556A>G;c.261delG	exonic
ABO*BW.11	c.297A>G;c.526C>G;c.657C>T;c.703G>A;c.796C>A;c.803G>C;c.930G>A;c.695T>C;c.261delG	exonic
ABO*BW.12	c.297A>G;c.526C>G;c.657C>T;c.703G>A;c.796C>A;c.803G>C;c.930G>A;c.278C>T;c.261delG	exonic
ABO*BW.14	c.297A>G;c.526C>G;c.657C>T;c.703G>A;c.796C>A;c.803G>C;c.930G>A;c.523G>A;c.261delG	exonic
ABO*BW.15	c.297A>G;c.526C>G;c.657C>T;c.703G>A;c.796C>A;c.803G>C;c.930G>A;c.565A>G;c.261delG	exonic
ABO*BW.16	c.297A>G;c.526C>G;c.657C>T;c.703G>A;c.796C>A;c.803G>C;c.930G>A;c.575T>C;c.261delG	exonic
ABO*BW.17	c.297A>G;c.526C>G;c.657C>T;c.703G>A;c.796C>A;c.803G>C;c.930G>A;c.784G>A;c.261delG	exonic
ABO*BW.18	c.297A>G;c.526C>G;c.657C>T;c.703G>A;c.796C>A;c.803G>C;c.930G>A;c.802G>A;c.261delG	exonic
ABO*BW.19	c.297A>G;c.526C>G;c.657C>T;c.703G>A;c.796C>A;c.803G>C;c.930G>A;c.646T>A;c.681G>A;c.261delG	exonic
ABO*BW.20	c.816dup	exonic
ABO*BW.21	c.297A>G;c.526C>G;c.657C>T;c.703G>A;c.796C>A;c.803G>C;c.930G>A;c.688G>C;c.261delG	exonic
ABO*BW.22	c.297A>G;c.526C>G;c.657C>T;c.703G>A;c.796C>A;c.803G>C;c.930G>A;c.503G>T;c.261delG	exonic
ABO*BW.23	c.297A>G;c.526C>G;c.657C>T;c.703G>A;c.796C>A;c.803G>C;c.930G>A;c.743G>C;c.261delG	exonic
ABO*BW.24	c.297A>G;c.526C>G;c.657C>T;c.703G>A;c.796C>A;c.803G>C;c.930G>A;c.558G>T;c.261delG	exonic
ABO*BW.25	c.297A>G;c.526C>G;c.657C>T;c.703G>A;c.796C>A;c.803G>C;c.930G>A;c.103G>A;c.619C>G;c.261delG	exonic
ABO*BW.26	c.297A>G;c.526C>G;c.657C>T;c.703G>A;c.796C>A;c.803G>C;c.930G>A;c.53G>T;c.261delG	exonic
ABO*BW.27	c.297A>G;c.526C>G;c.657C>T;c.703G>A;c.796C>A;c.803G>C;c.930G>A;c.905A>G;c.261delG	exonic
ABO*BW.28	c.297A>G;c.526C>G;c.657C>T;c.703G>A;c.796C>A;c.803G>C;c.930G>A;c.541T>C;c.261delG	exonic
ABO*BW.29	c.297A>G;c.526C>G;c.657C>T;c.703G>A;c.796C>A;c.803G>C;c.930G>A;c.588C>G;c.261delG	exonic
ABO*BW.30	c.297A>G;c.526C>G;c.657C>T;c.703G>A;c.796C>A;c.803G>C;c.930G>A;c.976G>T;c.261delG	exonic
ABO*BW.31	c.297A>G;c.526C>G;c.657C>T;c.703G>A;c.796C>A;c.803G>C;c.930G>A;c.900G>C;c.261delG	exonic
ABO*BW.32	c.297A>G;c.526C>G;c.657C>T;c.703G>A;c.796C>A;c.803G>C;c.930G>A;c.808T>A;c.261delG	exonic
ABO*BW.33	c.297A>G;c.526C>G;c.657C>T;c.703G>A;c.796C>A;c.803G>C;c.930G>A;c.550G>A;c.261delG	exonic
ABO*BW.34	c.297A>G;c.526C>G;c.657C>T;c.703G>A;c.796C>A;c.803G>C;c.930G>A;c.889G>A;c.261delG	exonic
ABO*cisAB.01	c.467C>T;c.803G>C;c.261delG	exonic
ABO*cisAB.02	c.526C>G;c.657C>T;c.703G>A;c.803G>C;c.261delG	exonic
ABO*cisAB.03	c.297A>G;c.526C>G;c.657C>T;c.700C>T;c.703G>A;c.796C>A;c.803G>C;c.930G>A;c.261delG	exonic
ABO*cisAB.04	c.467C>T;c.796C>A;c.261delG	exonic
ABO*cisAB.05	c.297A>G;c.526C>G;c.657C>T;c.703G>A;c.796C>A;c.930G>A;c.261delG	exonic
ABO*cisAB.06	c.297A>G;c.657C>T;c.703G>A;c.796C>A;c.803G>C;c.930G>A;c.261delG	exonic
ABO*O.01.01	c.261del	exonic
ABO*O.01.02	c.106G>T;c.188G>A;c.189C>T;c.220C>T;c.261del;c.297A>G;c.646T>A;c.681G>A;c.771C>T;c.829G>A	exonic
ABO*O.01.04	c.261del;c.579T>C	exonic
ABO*O.01.05	c.261del;c.297A>G	exonic
ABO*O.01.06	c.261del;c.646T>A;c.681G>A;c.771C>T;c.829G>A	exonic
ABO*O.01.07	c.261del;c.297A>G;c.646T>A;c.681G>A;c.721C>T;c.771C>T;c.829G>A	exonic
ABO*O.01.09	c.261del;c.318C>T;c.467C>T	exonic
ABO*O.01.10	c.261del;c.657C>T	exonic
ABO*O.01.11	c.261del;c.297A>G;c.542G>A;c.646T>A;c.681G>A;c.771C>T;c.829G>A	exonic
ABO*O.01.12	c.261del;c.297A>G;c.595C>T;c.646T>A;c.681G>A;c.771C>T;c.829G>A	exonic
ABO*O.01.13	c.261del;c.297A>G;c.646T>A;c.681G>A;c.771C>T;c.829G>A	exonic
ABO*O.01.22	c.261del;c.467C>T;c.1061del	exonic
ABO*O.01.23	c.261del;c.297A>G;c.646T>A;c.771C>T;c.829G>A;c.1054C>T	exonic
ABO*O.01.24	c.106G>T;c.188G>A;c.189C>T;c.261del;c.297A>G;c.526C>G;c.657C>T;c.703G>A;c.796C>A;c.803G>C;c.930G>A	exonic
ABO*O.01.25	c.261del;c.454T>C	exonic
ABO*O.01.26	c.261del;c.768C>A	exonic
ABO*O.01.27	c.261del;c.318C>T;c.467C>T;c.729C>T	exonic
ABO*O.01.28	c.261del;c.926A>G	exonic
ABO*O.01.29	c.261del;c.318C>T	exonic
ABO*O.01.31	c.261del;c.297A>G;c.529G>A;c.646T>A;c.681G>A;c.771C>T;c.829G>A	exonic
ABO*O.01.32	c.261del;c.297A>G;c.538C>T;c.646T>A;c.681G>A;c.771C>T;c.829G>A	exonic
ABO*O.01.33	c.261del;c.297A>G;c.498C>T;c.646T>A;c.681G>A;c.771C>T;c.829G>A	exonic
ABO*O.01.34	c.261del;c.297A>G;c.351G>A;c.646T>A;c.681G>A;c.771C>T;c.829G>A	exonic
ABO*O.01.35	c.106G>T;c.188G>A;c.189C>T;c.220C>T;c.261del;c.297A>G;c.681G>A;c.771C>T;c.829G>A	exonic
ABO*O.01.36	c.106G>T;c.188G>A;c.189C>T;c.220C>T;c.261del;c.297A>G;c.646T>A;c.681G>A;c.829G>A	exonic
ABO*O.01.39	c.220C>T;c.261del;c.297A>G;c.681G>A;c.771C>T;c.829G>A	exonic
ABO*O.01.40	c.106G>T;c.188G>A;c.189C>T;c.261del;c.297A>G;c.646T>A;c.681G>A;c.829G>A	exonic
ABO*O.01.41	c.261del;c.297A>G;c.526C>G;c.657C>T;c.703G>A;c.796C>A;c.803G>C;c.930G>A	exonic
ABO*O.01.44	c.261del;c.297A>G;c.646T>A;c.771C>T;c.829G>A	exonic
ABO*O.01.45	c.261del;c.646T>A;c.771C>T	exonic
ABO*O.01.46	c.261del;c.646T>A;c.771C>T;c.829G>A	exonic
ABO*O.01.56	c.261del;c.496del	exonic
ABO*O.01.57	c.261del;c.802G>A	exonic
ABO*O.01.58	c.261del;c.297A>G;c.646T>A;c.681G>A;c.687C>T;c.771C>T;c.829G>A	exonic
ABO*O.01.61	c.261del;c.743G>C	exonic
ABO*O.01.67	c.103G>A;c.106G>T;c.188G>A;c.189C>T;c.220C>T;c.261del;c.297A>G;c.646T>A;c.681G>A;c.771C>T;c.829G>A	exonic
ABO*O.01.68	c.106G>T;c.188G>A;c.189C>T;c.261del;c.297A>G;c.646T>A;c.681G>A;c.771C>T;c.829G>A	exonic
ABO*O.01.71	c.261del;c.829G>A	exonic
ABO*O.01.75	c.106G>T;c.188G>A;c.189C>T;c.220C>T;c.261del;c.297A>G;c.542G>A;c.646T>A;c.681G>A;c.771C>T;c.829G>A	exonic
ABO*O.01.76	c.261del;c.579T>C;c.1046_1048del	exonic
ABO*O.01.82	c.190G>A;c.261del	exonic
ABO*O.01.83	c.106G>T;c.188G>A;c.261del;c.297A>G	exonic
ABO*O.02.01	c.53G>T;c.220C>T;c.297A>G;c.526C>G;c.802G>A	exonic
ABO*O.02.02	c.53G>T;c.220C>T;c.297A>G;c.526C>G;c.649C>T;c.689G>A;c.802G>A	exonic
ABO*O.02.03	c.53G>T;c.220C>T;c.297A>G;c.526C>G;c.689G>A;c.802G>A	exonic
ABO*O.02.04	c.53G>T;c.220C>T;c.297A>G;c.488C>T;c.526C>G;c.802G>A	exonic
ABO*O.03	c.467C>T;c.804dup;c.1061del;c.261delG	exonic
ABO*O.04.01	c.88dup	exonic
ABO*O.04.02	c.261del;c.467C>T;c.88dup	exonic
ABO*O.05	c.322C>T	exonic
ABO*O.06	c.542G>A	exonic
ABO*O.07	c.467C>T;c.893C>T	exonic
ABO*O.08	c.927C>A	exonic
ABO*O.09.01	c.646T>A;c.681G>A;c.771C>T;c.829G>A	exonic
ABO*O.09.02	c.297A>G;c.646T>A;c.681G>A;c.771C>T;c.829G>A	exonic
ABO*O.10	c.66_67insG	exonic
ABO*O.11	c.297A>G;c.506_508del;c.526C>G;c.657C>T;c.703G>A;c.796C>A;c.803G>C;c.930G>A	exonic
ABO*O.12	c.297A>G;c.526C>G;c.563G>A;c.657C>T;c.703G>A;c.796C>A;c.803G>C;c.930G>A	exonic
ABO*O.13	c.452T>G	exonic
ABO*O.14	c.635T>A	exonic
ABO*O.15	c.793T>C	exonic
ABO*O.16	c.106G>T;c.188G>A;c.204_374+1del	exonic
ABCC1*01	na	other
ABCC1*01N.01	intron 21_26del 21249 bp	structural
GYPA*-45	c.242T>G	exonic
GYPA*01		no_coding
GYPA*02	c.59C>T;c.71G>A;c.72T>G	exonic
GYPA*08	c.71A>G;c.72G>T	exonic
GYPA*09	c.140C>T	exonic
GYPA*09.02	c.59C>T;c.71G>A;c.72T>G;c.140C>T	exonic
GYPA*11	c.68C>A	exonic
GYPA*12	c.197C>A	exonic
GYPA*14	c.230C>T	exonic
GYPA*16	c.226G>A	exonic
GYPA*18	c.138T>A	exonic
GYPA*19	c.140C>A	exonic
GYPA*31	c.148C>T	exonic
GYPA*37	c.232G>A	exonic
GYPA*38	c.217C>T	exonic
GYPA*41	c.250G>C	exonic
GYPA*43	c.244C>A	exonic
GYPA*46	c.107C>G	exonic
GYPA*47	c.240G>T	exonic
GYPA*50	c.91A>C	exonic
GYPA*01W.01	c.305G>A	exonic
GYPA*01N.02	c.295delG (Exon 5)	exonic
GYPA*01N.03	GYPA: c.314dupG (Exon 5)	exonic
GYPA*02N.01	c.357+1G>T (Intron 5)	intronic
GYPA*28N.01	Del GYPA exons 2-7 GYPB exon 1	structural
GYPB*04		no_coding
GYPB*03	c.143C>T	exonic
GYPB*21	c.65C>G	exonic
GYPB*23	c.173C>G	exonic
GYPB*24	c.161G>A	exonic
GYPB*03.02	c.143C>T;c.166A>T	exonic
GYPB*03.03	c.56C>T;c.143C>T	exonic
GYPB*03.04	c.130A>T;c.143C>T	exonic
GYPB*03.05	c.137-T>G;c.143C>T	exonic
GYPB*03.06	c.143C>T;c.270+3G>A	intronic
GYPB*03.07	c.143C>T;c.145G>A	exonic
GYPB*04.02	c.164T>G	exonic
GYPB*04.03	c.234C>T	exonic
GYPB*04.04	c.260G>A	exonic
GYPB*04.05	c.144G>A	exonic
GYPB*04.06	c.251G>C	exonic
GYPB*04.07	c.160C>T	exonic
GYPB*06.01	c.59T>G;c.60A>G;c.67A>T;c.71A>G;c.72G>T	exonic
GYPB*06.02	c.59T>G;c.60A>G;c.67A>T;c.71A>G;c.72G>T;c.143C>T	exonic
GYPB*03N.01	c.143C>T;c.208G>T;c.230C>T;c.251C>G	exonic
GYPB*03N.02	c.143C>T;c.208G>T;c.230C>T;c.251C>G;c.59T>G;c.60A>G;c.67A>T;c.71A>G;c.72G>T	exonic
GYPB*03N.03	c.143C>T;c.270+5G>T	intronic
GYPB*03N.04	c.143C>T;c.270+5G>T;c.59T>G;c.60A>G;c.67A>T;c.71A>G;c.72G>T	intronic
GYPB*03N.05	c.59T>G;c.60A>G;c.67A>T;c.71A>G;c.72G>T;c.87T>C;c.96T>C;c.102A>G;c.143C>T;c.230C>T;c.270+5G>T	intronic
GYPB*03N.06	c.143C>T;c.208G>T;c.230C>T;c.270+5G>T	intronic
GYPB*03N.07	c.137-8C>T;c.143C>T;c.270+5G>T	intronic
GYPB*03N.08	c.143C>T;c.218G>A	exonic
GYPB*04N.01	c.270+5G>A	intronic
GYPB*04N.02	c.37+4_37+8del	intronic
GYPB*04N.03	c.227G>A	exonic
GYPB*04N.04	c.17_26del	exonic
GYPB*04N.05	c.176-1_270+1del	intronic
GYPB*04N.06	c.176-1_270+1del;c.37_38insN	intronic
GYPB*04N.09	c.248dup	exonic
GYPB*05N.01	Whole GYPB deletion	structural
GYPB*05N.02	Whole GYPB deletion	structural
GYPB*05N.03	c.38_*195del	exonic
GYPB*05N.04	Del GYPB exons 2-5 GYPE exon 1	structural
RHCE*01	c.307C;c.676G	exonic
RHCE*01.01	c.48C=	exonic
RHCE*01.02.01	c.1025C>T;c.48C=	exonic
RHCE*01.02.02	c.48C=;c.150C>T;c.178C>A;c.201A>G;c.203A>G;c.307C>T;c.1025C>T	exonic
RHCE*01.03	c.1025C>T	exonic
RHCE*01.04.01	c.48C=;c.712A>G;c.733C>G;c.787A>G;c.800T>A;c.916A>G	exonic
RHCE*01.04.02	c.48C=;c.697C>G;c.712A>G;c.733C>G;c.787A>G;c.800T>A;c.916A>G	exonic
RHCE*01.04.03	c.48C=;c.455C>A;c.712A>G;c.733C>G;c.787A>G;c.800T>A;c.916A>G	exonic
RHCE*01.04.04	c.712A>G;c.733C>G;c.787A>G;c.800T>A;c.916A>G	exonic
RHCE*01.05.01	c.48C=;c.712A>G;c.787A>G;c.800T>A	exonic
RHCE*01.05.02	c.712A>G;c.787A>G;c.800T>A	exonic
RHCE*01.06.01	c.254C>G	exonic
RHCE*01.06.02	c.254C>G;c.733C>G	exonic
RHCE*01.06.03	c.254C>G;c.733C>G;c.941T>C	exonic
RHCE*01.06.04	c.254C>G;c.697C>G	exonic
RHCE*01.06.05	c.254C>G;c.307C>T	exonic
RHCE*01.07.01	c.48C=;c.667G>T	exonic
RHCE*01.07.02	c.667G>T	exonic
RHCE*01.08	c.48C=;c.712A>G;c.818C>T;c.1132C>G	exonic
RHCE*01.09	c.48C=;c.712A>G;c.818C>T	exonic
RHCE*01.10.01.01	c.48C=;c.365C>T	exonic
RHCE*01.10.01.02	c.48C=;c.105C>T;c.365C>T	exonic
RHCE*01.10.02	c.365C>T	exonic
RHCE*01.11	c.461G>C	exonic
RHCE*01.12	c.48C=;c.538G>C	exonic
RHCE*01.13	c.687_689del	exonic
RHCE*01.14	c.662C>G	exonic
RHCE*01.15	c.286G>A	exonic
RHCE*01.16	c.48C=;c.1170C>T;c.1193T>A	exonic
RHCE*01.17	c.505C>A;c.509G>T;c.514T>A	exonic
RHCE*01.18	c.939G>A	exonic
RHCE*01.20.01	c.733C>G	exonic
RHCE*01.20.02.01	c.48C=;c.733C>G	exonic
RHCE*01.20.02.02	c.48C=;c.105C>T;c.733C>G	exonic
RHCE*01.20.03	c.48C=;c.733C>G;c.1006G>T	exonic
RHCE*01.20.04.01	c.48C=;c.733C>G;c.1025C>T	exonic
RHCE*01.20.04.02	c.48C=;c.105C>T;c.733C>G;c.744T>C;c.1025C>T	exonic
RHCE*01.20.05	c.733C>G;c.1006G>T	exonic
RHCE*01.20.06	c.48C=;c.697C>G;c.733C>G	exonic
RHCE*01.20.06.02	c.697C>G;c.733C>G	exonic
RHCE*01.20.07	c.340C>T;c.733C>G	exonic
RHCE*01.20.08	c.48C=;c.733C>G;c.748G>A	exonic
RHCE*01.20.09	c.48C=;c.733C>G;c.941T>C	exonic
RHCE*01.20.10	c.48C=;c.712A>G;c.733C>G	exonic
RHCE*01.20.11	c.1006G>T;c.150C>T;c.178C>A;c.186G>T;c.201A>G;c.203A>G;c.307C>T;c.361A>T;c.380C>T;c.383G>A;c.410C>T;c.455C>A;c.48C=;c.733C>G	exonic
RHCE*01.20.12	c.48C=;c.462G>T;c.733C>G;c.1006G>T	exonic
RHCE*01.20.13	c.48C=;c.106G>A;c.733C>G	exonic
RHCE*01.21.01	c.341G>A	exonic
RHCE*01.21.02	c.48C=;c.187G>C;c.341G>A	exonic
RHCE*01.22.01	c.667G>T;c.697C>G;c.712A>G;c.733C>G;c.744T>C;c.787A>G;c.800T>A	exonic
RHCE*01.22.02	c.48C=;c.667G>T;c.697C>G;c.712A>G;c.733C>G;c.744T>C;c.787A>G;c.800T>A	exonic
RHCE*01.23	c.649T>C	exonic
RHCE*01.24	c.512A>G	exonic
RHCE*01.25	c.730G>A	exonic
RHCE*01.26	c.872C>T	exonic
RHCE*01.27	c.1154G>C	exonic
RHCE*01.28	c.1254A>C	exonic
RHCE*01.29	c.487_1227del;c.487_1227dup	exonic
RHCE*01.30	c.526G>A	exonic
RHCE*01.31	c.695T>C	exonic
RHCE*01.32	c.827C>A	exonic
RHCE*01.33	c.506T>C	exonic
RHCE*01.34	c.487_1073del;c.487_1073dup	exonic
RHCE*01.35	c.202A>G	exonic
RHCE*01.36	c.307C>T	exonic
RHCE*01.37	c.697C>G;c.712A>G;c.733C>G;c.744T>C	exonic
RHCE*01.38	c.-10C>T	promoter_5utr
RHCE*01.39	c.308C>T	exonic
RHCE*01.40	c.340C>T	exonic
RHCE*01.41	c.114A>C	exonic
RHCE*01.42	c.508A>G	exonic
RHCE*01.43	c.499A>G	exonic
RHCE*01.44	c.636_801+1del;c.636_939+1dup	exonic
RHCE*01N.01	c.81_85del	exonic
RHCE*01N.02	c.963del	exonic
RHCE*01N.03	c.634+1G>T	intronic
RHCE*01N.04	c.676del	exonic
RHCE*01N.05	c.335+3A>T	intronic
RHCE*01N.06	c.679_683del	exonic
RHCE*01N.07	c.1074-2A>G	intronic
RHCE*01N.08	c.801+1G>A	intronic
RHCE*01N.09	c.1044_1050dup	exonic
RHCE*01N.10	c.807T>A	exonic
RHCE*01N.11	c.1154-1G>A	intronic
RHCE*01N.12	c.367del;c.48C=	exonic
RHCE*01N.13	c.486+1G>A	intronic
RHCE*02	c.150C>T;c.178C>A;c.201A>G;c.203A>G;c.307C>T;c.48C=	exonic
RHCE*02.01	c.150C>T;c.178C>A;c.201A>G;c.203A>G;c.307C>T;c.340C>T;c.48C=	exonic
RHCE*02.02	c.150C>T;c.178C>A;c.201A>G;c.203A>G;c.307C>T;c.48C=;c.667G>T;c.697C>G;c.712A>G	exonic
RHCE*02.03	c.150C>T;c.178C>A;c.201A>G;c.203A>G;c.307C>T;c.365C>T;c.48C=	exonic
RHCE*02.04	c.150C>T;c.178C>A;c.201A>G;c.203A>G;c.307C>T;c.48C=;c.667G>T;c.697C>G;c.712A>G;c.733C>G;c.744T>C;c.787A>G;c.800T>A	exonic
RHCE*02.04.01	c.150C>T;c.178C>A;c.201A>G;c.203A>G;c.307C>T;c.48C=;c.667G>T;c.697C>G;c.712A>G;c.733C>G;c.744T>C;c.787A>G	exonic
RHCE*02.05	c.150C>T;c.178C>A;c.201A>G;c.203A>G;c.307C>T;c.48C=;c.501G>A	exonic
RHCE*02.08.01	c.122A>G;c.150C>T;c.178C>A;c.201A>G;c.203A>G;c.307C>T;c.48C=	exonic
RHCE*02.08.02	c.-67+5074_-67+33718dup;c.122A>G;c.150C>T;c.178C>A;c.201A>G;c.203A>G;c.307C>T;c.48C=;c.802_1254del	intronic
RHCE*02.09	c.106G>A;c.150C>T;c.178C>A;c.201A>G;c.203A>G;c.307C>T;c.48C=	exonic
RHCE*02.10.01	c.150C>T;c.178C>A;c.201A>G;c.203A>G;c.307C>T;c.48C=;c.505C>A;c.509G>T;c.514T>A;c.544A>T;c.577A>G;c.594T>A;c.602G>C	exonic
RHCE*02.10.02	c.150C>T;c.178C>A;c.201A>G;c.203A>G;c.307C>T;c.455C>A;c.48C=;c.505C>A;c.509G>T;c.514T>A;c.544A>T	exonic
RHCE*02.11	c.150C>T;c.178C>A;c.201A>G;c.203A>G;c.286G>A;c.307C>T;c.48C=	exonic
RHCE*02.12	c.150C>T;c.178C>A;c.201A>G;c.203A>G;c.307C>T;c.344T>G;c.48C=	exonic
RHCE*02.13	c.150C>T;c.178C>A;c.201A>G;c.203A>G;c.307C>T;c.364T>C;c.48C=	exonic
RHCE*02.14	c.150C>T;c.178C>A;c.201A>G;c.203A>G;c.307C>T;c.48C=;c.497A>T	exonic
RHCE*02.15	c.150C>T;c.178C>A;c.201A>G;c.203A>G;c.307C>T;c.48C=;c.689G>C	exonic
RHCE*02.16	c.150C>T;c.178C>A;c.201A>G;c.203A>G;c.307C>T;c.48C=;c.728A>G	exonic
RHCE*02.17	c.150C>T;c.178C>A;c.201A>G;c.203A>G;c.307C>T;c.48C=;c.800T>A	exonic
RHCE*02.18	c.150C>T;c.178C>A;c.201A>G;c.203A>G;c.307C>T;c.48C=;c.890T>C	exonic
RHCE*02.19	c.464T>G;c.1118C>T	exonic
RHCE*02.20	c.150C>T;c.178C>A;c.201A>G;c.203A>G;c.307C>T;c.48C=;c.79_81del	exonic
RHCE*02.21	c.150C>T;c.178C>A;c.201A>G;c.203A>G;c.307C>T;c.48C=;c.527C>T	exonic
RHCE*02.22	c.150C>T;c.178C>A;c.201A>G;c.203A>G;c.307C>T;c.48C=;c.667G>T	exonic
RHCE*02.23	c.150C>T;c.178C>A;c.201A>G;c.203A>G;c.307C>T;c.48C=;c.941T>C	exonic
RHCE*02.24	c.1007G>A;c.150C>T;c.178C>A;c.201A>G;c.203A>G;c.307C>T;c.48C=	exonic
RHCE*02.25	c.1007G>T;c.150C>T;c.178C>A;c.201A>G;c.203A>G;c.307C>T;c.48C=	exonic
RHCE*02.26	c.150C>T;c.178C>A;c.201A>G;c.203A>G;c.307C>T;c.460A>G;c.48C=	exonic
RHCE*02.27	c.150C>T;c.178C>A;c.201A>G;c.203A>G;c.307C>T;c.375C>G;c.48C=	exonic
RHCE*02.28	c.150C>T;c.178C>A;c.201A>G;c.203A>G;c.307C>T;c.48C=;c.919G>A	exonic
RHCE*02.29	c.150C>T;c.178C>A;c.201A>G;c.203A>G;c.307C>T;c.48C=;c.674C>G	exonic
RHCE*02.30	c.150C>T;c.178C>A;c.201A>G;c.203A>G;c.307C>T;c.48C=;c.733C>G	exonic
RHCE*02.31	c.150C>T;c.178C>A;c.201A>G;c.203A>G;c.307C>T;c.487-5T>G;c.48C=	intronic
RHCE*02.32	c.1228-2A>G;c.150C>T;c.178C>A;c.201A>G;c.203A>G;c.307C>T;c.48C=	intronic
RHCE*02.33	c.150C>T;c.178C>A;c.201A>G;c.203A>G;c.307C>T;c.48C=;c.98A>C	exonic
RHCE*02.34	c.150C>T;c.178C>A;c.201A>G;c.203A>G;c.307C>T;c.473G>A;c.48C=	exonic
RHCE*02.35	c.150C>T;c.178C>A;c.201A>G;c.203A>G;c.307C>T;c.48C=;c.491A>G	exonic
RHCE*02.36	c.150C>T;c.178C>A;c.201A>G;c.203A>G;c.307C>T;c.48C=;c.494A>C	exonic
RHCE*02.37	Lacking the 109bp insert	other
RHCE*02.38	c.150C>T;c.178C>A;c.201A>G;c.203A>G;c.307C>T;c.48C=;c.939G>A	exonic
RHCE*02.39	c.1154G>T;c.150C>T;c.178C>A;c.201A>G;c.203A>G;c.307C>T;c.48C=	exonic
RHCE*02.40	c.150C>T;c.178C>A;c.201A>G;c.203A>G;c.307C>T;c.48C=;c.712A>G;c.733C>G;c.787A>G;c.800T>A;c.916A>G	exonic
RHCE*02N.01	c.150C>T;c.178C>A;c.201A>G;c.203A>G;c.307C>T;c.48C=;c.966_968delinsC	exonic
RHCE*02N.02	c.150C>T;c.178C>A;c.201A>G;c.203A>G;c.307C>T;c.48C=;c.659G>A	exonic
RHCE*02N.03	c.150C>T;c.178C>A;c.201A>G;c.203A>G;c.307C>T;c.486+1G>A;c.48C=	intronic
RHCE*02N.04	c.150C>T;c.178C>A;c.201A>G;c.203A>G;c.307C>T;c.48C=;c.93dup	exonic
RHCE*02N.05	c.150C>T;c.178C>A;c.201A>G;c.203A>G;c.307C>T;c.377C>G;c.48C=	exonic
RHCE*02N.06	c.148+5G>A;c.150C>T;c.178C>A;c.201A>G;c.203A>G;c.307C>T;c.48C=	intronic
RHCE*02N.07	c.150C>T;c.178C>A;c.201A>G;c.203A>G;c.307C>T;c.336_1153del;c.336_1153dup;c.48C=	exonic
RHCE*02N.08	c.150C>T;c.178C>A;c.201A>G;c.203A>G;c.307C>T;c.336_1227del;c.336_1227dup;c.48C=	exonic
RHCE*02N.09	c.150C>T;c.178C>A;c.201A>G;c.203A>G;c.307C>T;c.48C=;c.938del	exonic
RHCE*02N.10	c.150C>T;c.178C>A;c.201A>G;c.203A>G;c.307C>T;c.482dup;c.48C=	exonic
RHCE*02N.11	c.148G>A;c.150C>T;c.178C>A;c.201A>G;c.203A>G;c.307C>T;c.48C=	exonic
RHCE*02N.12	c.1059del;c.150C>T;c.178C>A;c.201A>G;c.203A>G;c.307C>T;c.48C=	exonic
RHCE*02N.13	c.150C>T;c.178C>A;c.201A>G;c.203A>G;c.307C>T;c.48C=;c.635-9G>A	intronic
RHCE*02N.14	c.150C>T;c.178C>A;c.201A>G;c.203A>G;c.307C>T;c.48C=;c.569_572dup	exonic
RHCE*03	c.676G>C	exonic
RHCE*03.01	c.500T>A;c.676G>C	exonic
RHCE*03.02	c.-78_486del;c.1_486dup;c.676G>C	promoter_5utr
RHCE*03.03	c.676G>C;c.697C>G;c.712A>G	exonic
RHCE*03.03.02	c.676G>C;c.697C>G;c.712A>G;c.733C>G;c.744T>C	exonic
RHCE*03.03.03	c.676G>C;c.697C>G	exonic
RHCE*03.04	c.602G>C;c.676G>C	exonic
RHCE*03.05	c.461G>C;c.676G>C	exonic
RHCE*03.06	c.28C>T;c.676G>C	exonic
RHCE*03.07	c.344T>C;c.676G>C	exonic
RHCE*03.08	c.356G>A;c.676G>C	exonic
RHCE*03.09	c.374T>A;c.676G>C	exonic
RHCE*03.10	c.506T>A;c.676G>C	exonic
RHCE*03.11	c.676G>C;c.908T>A	exonic
RHCE*03.12	c.464T>G;c.477T>G;c.676G>C	exonic
RHCE*03.13	c.676G>C;c.728A>G	exonic
RHCE*03.14	c.676G>C;c.734T>C	exonic
RHCE*03.15.01	c.380C>T;c.383G>A;c.676G>C	exonic
RHCE*03.15.02	c.361A>T;c.380C>T;c.383G>A;c.676G>C	exonic
RHCE*03.16	c.676G>C;c.94A>G	exonic
RHCE*03.17	c.520G>A;c.676G>C	exonic
RHCE*03.18	c.48C=;c.676G>C	exonic
RHCE*03.19	c.676G>C;c.84C>A	exonic
RHCE*03.20	c.149-1G>A;c.676G>C	intronic
RHCE*03.21	c.527C>T;c.676G>C	exonic
RHCE*03.22	c.208C>T;c.676G>C	exonic
RHCE*03.23	c.774G>A;c.916A>G	exonic
RHCE*03.24	c.1130A>T	exonic
RHCE*03.26	c.307C>T;c.48C=;c.676G>C	exonic
RHCE*03.27	c.307C>T;c.676G>C	exonic
RHCE*03.28	c.382G>C;c.676G>C	exonic
RHCE*03.29	c.676G>C;c.818C>A	exonic
RHCE*03.30	c.336-2A>G;c.676G>C	intronic
RHCE*03.31	c.351_359del;c.676G>C	exonic
RHCE*03.32	c.361A>T;c.380C>T;c.383G>A;c.455C>A;c.676G>C	exonic
RHCE*03N.02	c.676G>C;c.907del	exonic
RHCE*03N.03	c.554G>A;c.676G>C	exonic
RHCE*03N.04	c.486+5G>A;c.676G>C	intronic
RHCE*03N.05	c.221G>A;c.676G>C	exonic
RHCE*03N.06	c.200C>A;c.676G>C	exonic
RHCE*03N.07	c.659G>A;c.676G>C	exonic
RHCE*04	c.48C=;c.150C>T;c.178C>A;c.201A>G;c.203A>G;c.307C>T;c.676G>C	exonic
RHCE*04.01	c.150C>T;c.178C>A;c.201A>G;c.203A>G;c.307C>T;c.48C=;c.676G>C;c.722C>T	exonic
RHCE*04.02	c.150C>T;c.178C>A;c.201A>G;c.203A>G;c.307C>T;c.380C>A;c.48C=;c.676G>C	exonic
ATP11C*01		no_coding
ATP11C*01N.01	Whole ATP11C deletion	structural
HPA1*01	c.176T	exonic
HPA1*01W	c.176T;c.376G>A	exonic
HPA1*02	c.176T>C	exonic
HPA10*01	c.263G	exonic
HPA10*02	c.263G>A	exonic
HPA11*01	c.1976G	exonic
HPA11*02	c.1976G>A	exonic
HPA14*01	c.1909_1911TAAG	exonic
HPA14*02	c.1909_1911delAAG	exonic
HPA16*01	c.497C	exonic
HPA16*02	c.487C>T	exonic
HPA17*01	c.662C	exonic
HPA17*02	c.662C>T	exonic
HPA19*01	c.487A	exonic
HPA19*02	c.487A>C	exonic
HPA2*01	c.482C	exonic
HPA2*02	c.482C>T	exonic
HPA20*01	c.1949C	exonic
HPA20*02	c.1949C>T	exonic
HPA21*01	c.1960G	exonic
HPA21*02	c.1960G>A	exonic
HPA22*01	c.584A	exonic
HPA22*02	c.584A>C	exonic
HPA23*01	c.1942C	exonic
HPA23*02	c.1942C>T	exonic
HPA24*01	c.1508G	exonic
HPA24*02	c.1508G>A	exonic
HPA26*01	c.1818G	exonic
HPA26*02	c.1818G>T	exonic
HPA27*01	c.2614C	exonic
HPA27*02	c.2614C>A	exonic
HPA28*01	c.2311G	exonic
HPA28*02	c.2311G>T	exonic
HPA29*01	c.98C	exonic
HPA29*02	c.98C>T	exonic
HPA3*01	c.2621T	exonic
HPA3*02	c.2621T>G	exonic
HPA30*01	c.2511G	exonic
HPA30*02	c.2511G>C	exonic
HPA32*01	c.521A	exonic
HPA32*02	c.521A>G	exonic
HPA33*01	c.1373A	exonic
HPA33*02	c.1373A>G	exonic
HPA34*01	c.349C	exonic
HPA34*02	c.349C>T	exonic
HPA35*01	c.1514A	exonic
HPA35*02	c.1514A>G	exonic
HPA4*01	c.506G	exonic
HPA4*02	c.506G>A	exonic
HPA6*01	c.1544G	exonic
HPA6*02	c.1544G>A	exonic
HPA7*01	c.1297C	exonic
HPA7*02	c.1297C>G	exonic
HPA8*01	c.1984C	exonic
HPA8*02	c.1984C>T	exonic
HPA9*01	c.2602G	exonic
HPA9*02	c.2602G>A	exonic
HPA12*01	c.119G	exonic
HPA12*02	c.119G>A	exonic
HPA31*01	c.368C	exonic
HPA31*02	c.368C>T	exonic
HPA13*01	c.2482C	exonic
HPA13*02	c.2482C>T	exonic
HPA18*01	c.2235G	exonic
HPA18*02	c.2235G>T	exonic
HPA25*01	c.3347C	exonic
HPA25*02	c.3347C>T	exonic
HPA5*01	c.1600G	exonic
HPA5*02	c.1600G>A	exonic
HPA15*01	c.2108C	exonic
HPA15*02	c.2108C>A	exonic
